first_name,last_name,email,gender,employed_date,department,salary,bonus
Winny,Falconar,wfalconar0@networksolutions.com,Agender,7/4/2018,Business Development,168032,4
Aurora,Bruni,abruni1@webmd.com,Female,4/7/2015,Sales,151191,
Gayleen,Rawlingson,grawlingson2@php.net,Female,1/16/2015,Marketing,175249,5
Wainwright,Pykerman,wpykerman3@ameblo.jp,Male,,Research and Development,153498,4
Moira,Jobes,mjobes4@bloglovin.com,Female,,Business Development,81654,
My,Blanking,mblanking5@angelfire.com,Male,2/29/2016,Human Resources,141460,
Michell,Bonnick,,Female,12/29/2012,Product Management,65732,8
Erna,St Leger,estleger7@icq.com,Female,11/26/2012,,131907,
Artair,Choudhury,,Male,1/8/2018,Services,82355,7
Milzie,Balleine,mballeine9@skype.com,Female,3/27/2019,Sales,177981,4
Kyrstin,Dabbs,kdabbsa@opera.com,Agender,,Legal,164811,3
Arvin,Betton,abettonb@virginia.edu,Male,6/6/2013,Research and Development,153168,2
Danny,Mapledoore,dmapledoorec@comsenz.com,Genderqueer,5/17/2019,Marketing,83817,
Griselda,Haith,ghaithd@marketwatch.com,Female,3/23/2017,Training,114890,2
Hew,St Clair,hstclaire@apple.com,Male,3/8/2015,Services,64503,
Bianka,Hillburn,bhillburnf@icq.com,Female,8/11/2015,Product Management,158210,
Freeland,Poskitt,fposkittg@printfriendly.com,Male,6/8/2017,Marketing,77613,10
Oralle,Wayne,,Female,10/25/2014,Marketing,102886,
Vick,Geffen,vgeffeni@dropbox.com,Male,4/30/2014,Training,130857,2
Bartolomeo,Gutcher,bgutcherj@house.gov,Male,3/29/2019,Marketing,164783,4
Tully,Gavigan,tgavigank@bizjournals.com,Male,10/10/2013,Research and Development,160555,5
Abbey,Manville,amanvillel@infoseek.co.jp,Female,8/16/2013,Services,153666,
Malanie,Benedicte,mbenedictem@europa.eu,Female,12/18/2013,Sales,176805,2
Lew,Croydon,lcroydonn@tmall.com,Male,11/16/2017,,154006,7
Dougie,De Ambrosi,ddeambrosio@microsoft.com,Male,10/15/2018,Training,119779,7
Pamela,Spinola,pspinolap@i2i.jp,Female,9/4/2016,Training,117579,
Nevile,Bartoszek,nbartoszekq@webmd.com,Male,1/2/2017,Marketing,142580,4
Englebert,Janca,ejancar@nationalgeographic.com,Male,10/24/2017,Research and Development,156477,11
Townie,Bromage,tbromages@marketwatch.com,Male,,Services,99251,
Gun,Richten,grichtent@marketwatch.com,Male,10/13/2016,Sales,161114,2
Waring,Shalders,wshaldersu@google.pl,Male,,Sales,84824,2
Harri,Scad,,Female,3/11/2017,Sales,91071,
Terrijo,Lohden,tlohdenw@slashdot.org,Female,2/14/2019,Marketing,141184,11
Miran,Yves,,Female,,Legal,160533,4
Abigael,Knellen,aknelleny@newyorker.com,Female,5/4/2016,Marketing,147953,
Fredelia,Hentzeler,fhentzelerz@printfriendly.com,Female,1/3/2014,Engineering,77103,7
Timothea,Troughton,ttroughton10@zimbio.com,Female,5/21/2013,Training,167799,
Arlina,Kroch,akroch11@webnode.com,Female,11/27/2013,Accounting,85840,
Jermain,Agnolo,jagnolo12@cam.ac.uk,Male,12/9/2018,Support,162890,2
Marylou,Bimrose,mbimrose13@mysql.com,Female,9/28/2016,Legal,139932,2
Allison,Hinckesman,ahinckesman14@plala.or.jp,Female,1/15/2019,Services,95641,
Garry,Ranking,granking15@weather.com,Male,3/28/2016,Human Resources,123170,10
Lillis,Daelman,ldaelman16@mayoclinic.com,Female,11/21/2012,Services,120731,2
Bartholomeus,Rubbert,brubbert17@youku.com,Male,1/6/2015,Product Management,70923,7
Gareth,Fidoe,gfidoe18@blog.com,Male,5/5/2019,Product Management,179605,
Broddy,Foat,bfoat19@mysql.com,Male,11/23/2016,Research and Development,150131,10
Neils,Ipplett,nipplett1a@nature.com,Male,11/16/2018,Human Resources,136358,10
Rafe,Badrock,rbadrock1b@constantcontact.com,Male,7/17/2018,Support,60423,
Morganne,Benezeit,mbenezeit1c@alibaba.com,Female,3/28/2019,Product Management,107260,
Lucky,Metheringham,lmetheringham1d@narod.ru,Female,1/9/2017,Engineering,63821,15
Vonny,Shurrocks,vshurrocks1e@springer.com,Female,3/13/2017,Legal,72419,13
Guglielmo,Greenaway,ggreenaway1f@hugedomains.com,Male,1/13/2015,Marketing,170678,3
Aeriel,Chaperling,achaperling1g@elpais.com,Female,3/25/2015,Business Development,107958,3
Anita,Wood,awood1h@miitbeian.gov.cn,Female,10/7/2016,Legal,79034,12
Chaim,Padmore,cpadmore1i@huffingtonpost.com,Male,,Engineering,167994,11
Felix,Laughlan,flaughlan1j@phoca.cz,Male,10/16/2015,Legal,75499,10
Bonny,Bygate,bbygate1k@miibeian.gov.cn,Female,11/8/2017,Training,149534,12
Johann,Zecchinelli,jzecchinelli1l@histats.com,Male,7/7/2015,Legal,131910,3
Grethel,Domke,gdomke1m@comcast.net,Female,6/3/2019,Accounting,169254,4
Gabriello,Leathe,gleathe1n@plala.or.jp,Male,10/5/2016,Sales,145992,5
Olly,Schoroder,oschoroder1o@moonfruit.com,Male,10/1/2015,Research and Development,123768,
Demetris,Rawson,drawson1p@altervista.org,Polygender,,Support,133790,8
Carlynne,Matyas,,Female,7/19/2019,Research and Development,67424,
Erena,Coulter,ecoulter1r@pbs.org,Female,11/9/2016,Legal,76463,5
Raoul,Caughtry,rcaughtry1s@bluehost.com,Male,10/21/2013,Legal,69996,12
Niles,Everard,neverard1t@youku.com,Male,4/27/2017,Marketing,74862,10
Leopold,Carberry,lcarberry1u@tiny.cc,Male,6/27/2018,Accounting,137900,13
Harman,Paddingdon,hpaddingdon1v@desdev.cn,Male,3/30/2015,Legal,119235,6
Jarrid,Neno,jneno1w@marketwatch.com,Male,1/18/2017,Research and Development,86820,15
Bing,Ebi,bebi1x@desdev.cn,Male,9/16/2014,Human Resources,164994,2
Tawsha,Sedgemore,tsedgemore1y@webs.com,Female,1/12/2019,Business Development,135464,8
Bee,Govenlock,bgovenlock1z@dmoz.org,Female,10/20/2013,,89097,1
Massimiliano,Marmon,mmarmon20@themeforest.net,Male,3/23/2014,Sales,83913,1
Lexis,Topley,,Female,10/21/2018,Services,167907,14
Genna,Sempill,gsempill22@wikia.com,Female,10/8/2012,Human Resources,62204,2
Meredeth,Almey,malmey23@fc2.com,Male,5/10/2014,Human Resources,140797,3
Megan,Miranda,mmiranda24@thetimes.co.uk,Female,5/15/2019,Engineering,138269,
Sky,Hovenden,shovenden25@goo.ne.jp,Male,,Accounting,159883,
Bradford,Brangan,bbrangan26@php.net,Non-binary,,,161463,15
Wolfgang,Arnson,warnson27@delicious.com,Bigender,2/15/2015,Accounting,142894,14
Karee,Legging,klegging28@shop-pro.jp,Female,5/25/2019,Training,169471,
Berty,Anglish,banglish29@wordpress.org,Female,7/31/2014,Legal,96880,8
Jo-ann,Aves,javes2a@google.com,Female,11/9/2012,Accounting,173363,10
Hermann,Epdell,hepdell2b@boston.com,Male,7/3/2015,Human Resources,99855,
Minnie,Crate,mcrate2c@tinypic.com,Female,,Accounting,106834,13
Kellyann,Shrimptone,kshrimptone2d@digg.com,Female,9/2/2013,Sales,92168,9
Gerrie,Mundee,gmundee2e@cdbaby.com,Female,10/17/2012,Human Resources,157980,
Pauli,O'Carroll,pocarroll2f@bigcartel.com,Female,4/25/2016,Legal,118222,8
Thorny,Arnaldy,tarnaldy2g@ucoz.com,Male,8/25/2013,Business Development,91125,12
Edmon,Zellmer,,Male,8/13/2014,Services,163809,15
Padget,Sadd,psadd2i@quantcast.com,Genderqueer,,Training,175749,8
Prudy,MacGinlay,pmacginlay2j@behance.net,Female,1/1/2014,Marketing,113296,12
Thorpe,Wyper,twyper2k@intel.com,Male,5/2/2018,Engineering,113264,2
Haleigh,Clouter,hclouter2l@mac.com,Female,,Marketing,160420,15
Laird,Blethyn,lblethyn2m@cdc.gov,Male,3/1/2019,Business Development,77509,5
Craig,Ellph,cellph2n@xrea.com,Male,11/26/2014,Business Development,159586,
Christophorus,Diego,cdiego2o@illinois.edu,Male,,Support,63464,14
Diena,Bilverstone,dbilverstone2p@census.gov,Female,8/16/2019,Support,83112,
Shep,Kimm,skimm2q@moonfruit.com,Male,,Accounting,91939,
Tristam,Daen,,Male,,Training,94119,3
