first_name,last_name,email,gender,grade
Paul,Wallen,pwallen0@wiley.com,M,50
Xavier,Schukraft,xschukraft1@gov.uk,M,82
Susanetta,Rodson,srodson2@blogtalkradio.com,F,66
Dan,Srutton,dsrutton3@diigo.com,M,63
Virge,Ricold,vricold4@plala.or.jp,M,58
Garey,Jahnisch,gjahnisch5@miitbeian.gov.cn,M,64
Ignacio,Dabs,idabs6@yellowbook.com,M,58
Nike,Gahagan,ngahagan7@tiny.cc,F,47
Edee,Ayliffe,eayliffe8@google.com,F,57
Atalanta,McKennan,amckennan9@hubpages.com,F,51
Rusty,Kelly,rkellya@dyndns.org,M,77
Ranique,Attwell,rattwellb@unicef.org,F,90
Huberto,Brumen,hbrumenc@java.com,M,49
Moritz,Perryman,mperrymand@google.pl,M,53
Garald,Bigglestone,gbigglestonee@umich.edu,M,57
Romain,Gullifant,rgullifantf@dagondesign.com,M,76
Delano,Delatour,ddelatourg@imdb.com,M,69
Almeta,Larking,alarkingh@squidoo.com,F,96
Josefa,Lanston,jlanstoni@photobucket.com,F,41
Staci,Maryan,smaryanj@diigo.com,F,44
Westbrook,Gudyer,wgudyerk@technorati.com,M,55
Charisse,Jorgesen,cjorgesenl@joomla.org,F,52
Joy,Cargenven,jcargenvenm@paypal.com,F,46
Maxy,Watkin,mwatkinn@nbcnews.com,M,58
D'arcy,Ellyatt,dellyatto@cornell.edu,M,74
Clim,Deighton,cdeightonp@washington.edu,M,78
Dynah,Dumphries,ddumphriesq@wired.com,F,97
Heather,Churchman,hchurchmanr@freewebs.com,F,59
Cesar,Reckless,crecklesss@senate.gov,M,45
Aubry,Haycock,ahaycockt@indiegogo.com,F,75
Lorraine,Slade,lsladeu@cocolog-nifty.com,F,47
Duffie,Bullion,dbullionv@nba.com,M,45
Haily,Dymick,hdymickw@people.com.cn,F,85
Noel,Monkman,nmonkmanx@blogger.com,M,81
Selia,Scudamore,sscudamorey@posterous.com,F,59
Chrisse,Baldock,cbaldockz@jigsy.com,M,62
Odilia,Jull,ojull10@unc.edu,F,73
Zack,MacCarlich,zmaccarlich11@odnoklassniki.ru,M,41
Maurizia,Husselbee,mhusselbee12@usnews.com,F,55
Ravi,Cluet,rcluet13@icio.us,M,42
Stavro,Dadge,sdadge14@nationalgeographic.com,M,51
Kippie,Menichi,kmenichi15@eepurl.com,F,40
Samaria,Craddock,scraddock16@goodreads.com,F,90
Thebault,Clemente,tclemente17@booking.com,M,90
Edeline,McNea,emcnea18@simplemachines.org,F,77
Lombard,Fritchley,lfritchley19@mediafire.com,M,75
Rudiger,Petchey,rpetchey1a@sakura.ne.jp,M,84
Vinni,Golden,vgolden1b@imgur.com,F,74
Eran,Wonfor,ewonfor1c@cpanel.net,F,53
Royal,Mabb,rmabb1d@tumblr.com,M,89
Dasi,Pennazzi,dpennazzi1e@vimeo.com,F,98
Daron,Dwight,ddwight1f@huffingtonpost.com,M,75
Isis,Gumbley,igumbley1g@fastcompany.com,F,58
Gerry,Gittens,ggittens1h@go.com,M,49
Rickey,Goulthorp,rgoulthorp1i@washington.edu,M,55
Darell,Etherson,detherson1j@etsy.com,F,92
Griffin,Rosindill,grosindill1k@hibu.com,M,86
Kain,Kellett,kkellett1l@yahoo.co.jp,M,63
Amie,Greenset,agreenset1m@alexa.com,F,91
Mada,Suston,msuston1n@devhub.com,F,89
Kendrick,Lowrie,klowrie1o@answers.com,M,84
Karolina,Coley,kcoley1p@cisco.com,F,75
Renado,Mablestone,rmablestone1q@sfgate.com,M,70
Felic,Pennoni,fpennoni1r@shareasale.com,M,46
Tedman,Purcell,tpurcell1s@flavors.me,M,59
Jamill,Peperell,jpeperell1t@printfriendly.com,M,89
Maureene,Rist,mrist1u@tumblr.com,F,96
Emlen,Herion,eherion1v@unesco.org,M,93
Andriana,Jirasek,ajirasek1w@nba.com,F,50
Wayne,Reyner,wreyner1x@cpanel.net,M,50
Benny,Rickaby,brickaby1y@japanpost.jp,F,96
Hermon,Leggitt,hleggitt1z@hibu.com,M,83
Hermia,Kyd,hkyd20@ezinearticles.com,F,87
Jerome,Moorrud,jmoorrud21@noaa.gov,M,75
Marcelo,Lansbury,mlansbury22@dagondesign.com,M,79
Giustino,Klement,gklement23@smh.com.au,M,97
Barbey,Morston,bmorston24@sakura.ne.jp,F,77
Janka,Alldred,jalldred25@slate.com,F,98
Ingar,Gregine,igregine26@irs.gov,M,77
Eddie,Phippard,ephippard27@multiply.com,F,51
Alvie,Butte,abutte28@reverbnation.com,M,81
Upton,Budgey,ubudgey29@addtoany.com,M,44
Justinn,Chantrell,jchantrell2a@wired.com,F,97
Janka,Ivell,jivell2b@bloglovin.com,F,93
Trent,Connop,tconnop2c@weather.com,M,46
Prudy,McGrann,pmcgrann2d@ustream.tv,F,44
Reta,Thurgood,rthurgood2e@europa.eu,F,86
Liv,Filler,lfiller2f@tmall.com,F,54
Obie,Lancett,olancett2g@nasa.gov,M,82
Ellswerth,Dudding,edudding2h@domainmarket.com,M,91
Neils,Levermore,nlevermore2i@reverbnation.com,M,87
Tonya,Buxsey,tbuxsey2j@delicious.com,F,52
Dore,Beauvais,dbeauvais2k@shinystat.com,F,47
Berti,Mauger,bmauger2l@archive.org,M,62
Lona,Steward,lsteward2m@xrea.com,F,88
Jackquelin,Fitchell,jfitchell2n@engadget.com,F,61
Vinni,Elvish,velvish2o@a8.net,F,60
Kimberley,Edworthie,kedworthie2p@youtu.be,F,43
Cristin,Petofi,cpetofi2q@cbsnews.com,F,77
Quent,Gorick,qgorick2r@linkedin.com,M,76
