first_name,last_name,email,gender,employed_date,department,salary,bonus
Rosamond,Dourin,rdourin0@xing.com,Female,,Business Development,91048,10
Mira,Giamo,mgiamo1@ameblo.jp,Female,,Legal,146665,2
August,Nelmes,anelmes2@bbb.org,Male,9/7/2014,Accounting,161814,14
Carla,Franzotto,,Female,6/19/2015,Human Resources,168816,8
Paxon,Partrick,ppartrick4@drupal.org,Male,4/15/2018,Accounting,136121,
Marabel,Belamy,mbelamy5@amazon.co.uk,Female,12/5/2018,Marketing,162777,
Whittaker,Cluet,wcluet6@angelfire.com,Male,4/13/2018,Services,114440,11
Arty,Dacombe,adacombe7@phoca.cz,Male,,Services,125878,8
Timothee,McVane,tmcvane8@opensource.org,Male,9/5/2013,Support,117430,8
Steffi,Tortis,stortis9@t-online.de,Non-binary,2/11/2013,Legal,165600,
Candi,Bale,,Female,,Product Management,83409,8
Shell,Zecchinelli,szecchinellib@blogtalkradio.com,Male,2/27/2016,Product Management,154034,13
Dill,Iglesia,diglesiac@g.co,Male,2/19/2018,Support,64334,4
Pammi,Clark,pclarkd@blinklist.com,Female,5/23/2017,Accounting,136422,
Biddy,Darrow,bdarrowe@usatoday.com,Female,3/19/2019,Product Management,104858,14
Rawley,Guerro,rguerrof@wikispaces.com,Male,5/29/2016,Product Management,66979,9
Moises,Ravenhills,mravenhillsg@elpais.com,Male,12/5/2016,Product Management,128417,
Chrissy,Strafen,cstrafenh@hhs.gov,Female,9/23/2017,Business Development,105693,11
Randie,O' Byrne,robyrnei@dailymail.co.uk,Female,5/8/2015,Support,90465,5
Damiano,Loade,,Polygender,,Human Resources,109501,6
Alicea,Loughran,aloughrank@independent.co.uk,Female,4/25/2016,Accounting,131523,9
Hilliard,Loosmore,hloosmorel@mail.ru,Male,6/14/2016,Accounting,67196,15
Sisile,Scanes,sscanesm@google.co.jp,Female,3/14/2017,Engineering,169431,7
Miran,Ivory,mivoryn@jugem.jp,Female,,Legal,142953,14
Junina,Dineges,jdinegeso@blog.com,Female,,Engineering,138300,13
Job,Lambell,jlambellp@shareasale.com,Male,6/19/2019,Marketing,135597,
Halie,MacNaughton,hmacnaughtonq@harvard.edu,Female,5/20/2013,Research and Development,64090,5
Kailey,Campos,kcamposr@aol.com,Female,5/21/2018,Business Development,115259,3
Teressa,Bexley,tbexleys@odnoklassniki.ru,Female,6/14/2014,Training,68602,6
Tricia,Ringe,tringet@auda.org.au,Female,,Support,98029,12
Eveleen,Stranahan,estranahanu@so-net.ne.jp,Genderfluid,,Research and Development,178154,8
Theodora,Meletti,tmelettiv@hp.com,Female,,Services,86580,10
Konstantin,Sipson,ksipsonw@earthlink.net,Male,7/11/2017,Services,161535,11
Silvan,Maypes,smaypesx@timesonline.co.uk,Male,,,,
Conway,Treverton,ctrevertony@vimeo.com,Male,3/7/2014,Accounting,176140,15
Feliza,Verry,,Female,,Sales,147492,13
Marcia,Codron,mcodron10@symantec.com,Agender,11/22/2016,Marketing,86196,3
Virgilio,Fairhead,vfairhead11@myspace.com,Male,8/16/2015,Research and Development,69517,7
Marie-ann,Meins,mmeins12@bloglines.com,Female,12/18/2018,Human Resources,155389,1
Troy,Paoletto,tpaoletto13@nationalgeographic.com,Male,1/8/2019,Support,155564,5
Kaylil,Turfs,kturfs14@histats.com,Female,10/28/2014,Engineering,116039,3
Marcelline,Gheerhaert,mgheerhaert15@aboutads.info,Female,3/30/2014,Services,168816,
Arleen,Bridgestock,abridgestock16@photobucket.com,Female,11/9/2017,Human Resources,63505,
Chiarra,Cancellor,ccancellor17@jimdo.com,Female,11/12/2017,Marketing,83695,10
Ninon,Antonovic,,Female,,Research and Development,127726,1
Tomi,Crompton,tcrompton19@over-blog.com,Female,10/21/2018,,,3
Lonee,McCraine,lmccraine1a@ucoz.ru,Polygender,,Training,167617,
Gaultiero,Guerreau,gguerreau1b@accuweather.com,Male,,Engineering,155282,
Darren,Simonitto,dsimonitto1c@parallels.com,Male,7/19/2014,Services,157833,
Townsend,Glidden,tglidden1d@cocolog-nifty.com,Male,5/14/2019,Human Resources,117250,
Natasha,Barthel,nbarthel1e@bloomberg.com,Female,1/20/2016,Marketing,156888,11
Dalenna,McIlheran,,Female,,Sales,143248,3
Ola,Mucci,,Female,11/15/2016,,,1
Gram,Szapiro,gszapiro1h@e-recht24.de,Male,3/27/2013,Engineering,74574,3
Tilda,Newby,tnewby1i@discuz.net,Female,11/13/2014,Business Development,80590,14
Elvira,Hembry,ehembry1j@businessweek.com,Female,11/1/2016,Business Development,150198,
Mycah,Gentzsch,,Male,2/2/2019,,,10
Easter,Tineman,etineman1l@elegantthemes.com,Female,5/12/2018,Legal,98462,1
Mano,Caudrelier,mcaudrelier1m@jiathis.com,Bigender,5/14/2016,Support,160806,
Georges,Hehnke,ghehnke1n@census.gov,Male,6/21/2016,Services,85692,6
Dodi,Greber,dgreber1o@usa.gov,Female,2/3/2017,Accounting,158485,4
Gavin,Iwanicki,giwanicki1p@ebay.co.uk,Male,,Engineering,163132,5
Rouvin,Kybbye,rkybbye1q@cpanel.net,Male,7/9/2018,Human Resources,125378,
Flinn,Doumic,fdoumic1r@printfriendly.com,Male,12/26/2015,Human Resources,128366,12
Ezmeralda,Aslen,easlen1s@miitbeian.gov.cn,Female,6/27/2016,Sales,142611,
Dalenna,Potier,dpotier1t@mapquest.com,Female,4/7/2017,Support,88828,
Job,Van Weedenburg,jvanweedenburg1u@google.co.jp,Male,,Sales,171760,
Nance,Ebhardt,nebhardt1v@bbc.co.uk,Female,5/1/2019,,,5
Lorens,Hellin,lhellin1w@lycos.com,Male,4/30/2014,Services,71182,8
Jonathon,Mitchelson,jmitchelson1x@reverbnation.com,Male,6/27/2016,Research and Development,167209,8
Fredra,Harraway,fharraway1y@google.cn,Female,5/5/2015,Product Management,60720,12
Neill,Clemot,,Male,1/9/2015,,,2
Horatio,Goodlud,hgoodlud20@gravatar.com,Male,7/5/2019,Training,134997,11
Rianon,Latan,rlatan21@cisco.com,Female,9/10/2017,Sales,142679,
Anet,Ledrane,aledrane22@cocolog-nifty.com,Female,12/21/2015,Business Development,167777,2
Lanni,Sherrington,lsherrington23@fema.gov,Female,3/30/2014,Research and Development,142546,15
Thorpe,Soldner,tsoldner24@unicef.org,Male,1/25/2016,Accounting,98336,5
Teodora,Doret,tdoret25@nationalgeographic.com,Genderqueer,6/26/2018,Marketing,110007,1
Modesta,Orrom,morrom26@vinaora.com,Female,,,,15
Caresa,Tetla,ctetla27@google.de,Female,8/26/2015,Marketing,115919,
Alick,Veneur,aveneur28@biblegateway.com,Male,9/30/2016,Product Management,157544,1
Crissy,Owain,cowain29@patch.com,Female,4/9/2013,Legal,72846,13
Bran,Staniford,bstaniford2a@twitter.com,Male,,Legal,115787,
Gregg,Sheahan,gsheahan2b@angelfire.com,Male,,Legal,109597,14
Vinny,Gillbard,vgillbard2c@ted.com,Agender,8/20/2013,Marketing,158064,6
Natal,Rathe,,Male,3/17/2016,Human Resources,135974,8
Dorey,Schermick,dschermick2e@yahoo.co.jp,Female,,Business Development,112276,2
Kimberly,Vale,kvale2f@bbb.org,Female,1/6/2014,Business Development,122180,6
Filmer,Richardot,frichardot2g@woothemes.com,Male,,Support,135287,
Rosella,Simnell,,Female,,Legal,82911,5
Brenna,Eagell,beagell2i@imgur.com,Female,12/31/2016,Accounting,130731,3
See,Singyard,ssingyard2j@deliciousdays.com,Male,10/29/2013,Accounting,121526,
Beaufort,Egan,began2k@blogs.com,Male,,Human Resources,152803,5
Kyle,Rumming,,Female,9/18/2018,Engineering,82225,13
Thorndike,Joule,tjoule2m@abc.net.au,Male,12/3/2016,Legal,165343,
Granny,Degli Antoni,gdegliantoni2n@pinterest.com,Male,5/21/2015,Engineering,83338,7
Darb,Picott,dpicott2o@princeton.edu,Male,,Services,156117,1
Camella,Maddie,cmaddie2p@youtube.com,Female,4/25/2016,Legal,174031,1
Daile,Iwanowicz,diwanowicz2q@gravatar.com,Female,1/26/2016,Legal,80440,1
Free,McKnockiter,fmcknockiter2r@meetup.com,Agender,8/10/2015,Human Resources,71430,14
Brady,Fairclough,,Male,2/13/2017,Business Development,101829,1
Idette,Amiranda,iamiranda2t@studiopress.com,Genderfluid,3/21/2018,Training,166522,
Onfroi,Lensch,olensch2u@twitpic.com,Male,,Legal,105372,14
Dilan,Cheeld,dcheeld2v@xing.com,Male,8/15/2014,Human Resources,99427,13
Georgina,Vinson,,Female,1/2/2019,Research and Development,67019,6
Davin,Rosa,,Male,10/28/2012,Research and Development,135523,
Tessi,Sydes,tsydes2y@trellian.com,Female,8/23/2015,Product Management,148004,13
Mellie,Stiven,mstiven2z@goo.gl,Female,4/16/2014,Accounting,125052,5
Ximenes,Lush,xlush30@prlog.org,Male,,Engineering,100326,8
Garland,Meader,gmeader31@sourceforge.net,Female,3/17/2018,Human Resources,77615,
Dorie,Screase,dscrease32@goodreads.com,Male,3/17/2013,Support,129866,
Rabbi,Harvett,rharvett33@i2i.jp,Male,11/24/2016,Training,119337,
Brew,Matthews,,Male,3/14/2018,Research and Development,97058,
Freddy,Cumber,fcumber35@aol.com,Male,,Services,137192,
Christian,Billison,cbillison36@addtoany.com,Female,11/18/2016,Support,160612,15
Bartolemo,Hedditeh,bhedditeh37@stanford.edu,Male,7/11/2013,Business Development,118455,
Laurie,Alldread,lalldread38@cyberchimps.com,Female,4/23/2019,Accounting,74648,
Nils,Gourlay,ngourlay39@opensource.org,Non-binary,,Legal,107991,2
Guillaume,Gauvain,ggauvain3a@state.gov,Male,12/20/2017,Engineering,129764,
Sandy,Treker,streker3b@cargocollective.com,Female,,,,
Gregoor,Hargraves,ghargraves3c@mysql.com,Male,11/1/2017,Accounting,130684,
Elianore,Pogue,epogue3d@globo.com,Bigender,2/8/2016,Accounting,169253,13
Sutton,Rishworth,srishworth3e@about.com,Male,3/5/2019,Services,91624,1
Phaedra,Bearman,,Female,,Product Management,91803,3
Marysa,Dewdney,,Female,3/7/2013,Engineering,174979,3
Philippine,Stadden,pstadden3h@scribd.com,Non-binary,1/13/2019,Human Resources,161505,10
Thatch,Aaron,taaron3i@icq.com,Male,3/19/2014,Support,96456,12
Romeo,Eberle,reberle3j@senate.gov,Male,,Training,163262,
Giacinta,Storms,gstorms3k@usnews.com,Female,1/23/2015,Product Management,172213,12
Val,Schollar,vschollar3l@hostgator.com,Female,10/9/2015,Product Management,176604,10
Leoine,Christophers,lchristophers3m@redcross.org,Polygender,3/17/2014,Business Development,141550,8
Paige,Rene,prene3n@cocolog-nifty.com,Male,2/11/2017,Accounting,122430,6
Jemimah,Caffery,jcaffery3o@ameblo.jp,Female,4/17/2016,Legal,171597,14
Dorie,Shillabeer,dshillabeer3p@japanpost.jp,Male,,Marketing,83159,3
Erin,Oene,eoene3q@nih.gov,Male,2/4/2016,Training,109525,15
Kermie,MacAulay,kmacaulay3r@tumblr.com,Male,9/14/2017,Marketing,64096,
Holmes,Gager,hgager3s@gravatar.com,Male,,Human Resources,67772,2
Willabella,Pipping,wpipping3t@paginegialle.it,Female,,Product Management,123586,
Fletcher,Carlone,fcarlone3u@google.ru,Male,1/1/2015,Legal,97075,5
Ronny,Winspear,rwinspear3v@redcross.org,Male,12/10/2013,Legal,167010,
Kitti,Angier,kangier3w@symantec.com,Female,10/29/2013,,,12
Burton,Wynne,bwynne3x@vinaora.com,Male,,Accounting,151871,12
Gawain,Raiker,graiker3y@irs.gov,Male,5/13/2019,Human Resources,132684,7
Danica,Ponnsett,dponnsett3z@reuters.com,Female,1/11/2016,Business Development,149783,14
Justine,Calafato,jcalafato40@jimdo.com,Female,11/14/2014,Marketing,72617,15
Isadore,Hamsley,ihamsley41@google.co.uk,Male,8/12/2016,Product Management,142676,1
Hart,Hollyland,hhollyland42@about.me,Male,2/1/2013,Human Resources,175741,7
Gustave,Parell,gparell43@chronoengine.com,Male,9/23/2016,Sales,70314,
Jethro,Mattussevich,jmattussevich44@dot.gov,Male,,Business Development,133441,13
Hoyt,Wendover,hwendover45@ftc.gov,Male,11/17/2012,Business Development,170209,15
Papageno,Dysert,pdysert46@domainmarket.com,Genderqueer,11/10/2015,Marketing,137241,15
Laureen,De Fries,ldefries47@163.com,Female,10/12/2016,Engineering,87940,4
Jacinthe,Hetterich,jhetterich48@mail.ru,Female,7/21/2013,Training,168400,2
Noble,Imms,nimms49@blogtalkradio.com,Genderfluid,11/26/2012,Business Development,135419,2
Huberto,Reese,hreese4a@plala.or.jp,Male,10/17/2013,Support,120019,3
Rodolph,McWhinnie,rmcwhinnie4b@posterous.com,Male,4/9/2017,Research and Development,130875,15
Ellwood,Blitzer,eblitzer4c@techcrunch.com,Male,2/16/2019,Human Resources,118208,11
Arlena,Muzzollo,amuzzollo4d@homestead.com,Female,,Accounting,68315,
Carmencita,Chomiszewski,cchomiszewski4e@last.fm,Female,9/29/2016,Human Resources,97615,7
Nixie,McGreay,nmcgreay4f@scribd.com,Female,,Support,106042,10
Nannie,Exer,nexer4g@ibm.com,Female,3/16/2019,Marketing,86148,3
Erin,Dewan,edewan4h@squarespace.com,Female,4/5/2015,Sales,109147,10
Kip,Collett,kcollett4i@biglobe.ne.jp,Male,3/21/2013,Engineering,101391,8
Solomon,Limeburn,slimeburn4j@list-manage.com,Male,9/28/2013,Services,154050,14
Eloisa,O'Finan,eofinan4k@wisc.edu,Female,10/27/2012,Business Development,155558,9
Nap,Waite,nwaite4l@constantcontact.com,Male,4/19/2013,Product Management,158947,1
Myrta,Gapper,mgapper4m@shop-pro.jp,Female,2/26/2017,Business Development,147876,
Daveta,Tinniswood,,Female,11/11/2013,Business Development,102690,1
Meredith,Burborough,mburborough4o@sitemeter.com,Female,6/9/2019,Engineering,65313,2
Beltran,McDougle,,Male,12/9/2016,Legal,153132,13
Briana,Henner,bhenner4q@amazon.co.uk,Female,2/25/2019,Accounting,93281,9
Staford,Scrowby,,Male,11/15/2015,Legal,92798,1
Bondy,Lequeux,blequeux4s@unicef.org,Male,1/25/2017,Business Development,106212,15
Jaynell,Artrick,jartrick4t@google.es,Female,6/23/2017,Research and Development,96653,
Clemens,Hayhow,chayhow4u@51.la,Male,11/12/2018,,,12
Ravid,Dayley,,Male,12/20/2015,Accounting,156985,6
Pamella,Clemendet,pclemendet4w@geocities.com,Female,4/25/2017,Sales,133117,
Barny,Limbourne,blimbourne4x@pbs.org,Male,2/2/2016,Accounting,132861,5
Rae,Ort,,Female,7/8/2016,Research and Development,96085,6
Albert,McAne,amcane4z@w3.org,Male,3/19/2019,Research and Development,72445,12
Bird,Kollach,bkollach50@1688.com,Female,6/8/2019,Engineering,104405,
Dolf,Dudman,ddudman51@1und1.de,Male,1/19/2013,Sales,155756,13
Debbie,Baiss,dbaiss52@mozilla.org,Female,3/18/2014,Product Management,111341,
Gregoire,Rutgers,,Male,11/23/2016,,,9
Nannette,Ambrogioni,nambrogioni54@smugmug.com,Female,7/28/2014,Marketing,92336,
Cacilia,Potkin,cpotkin55@netlog.com,Bigender,1/2/2015,Services,177267,9
Ellie,Callaghan,ecallaghan56@liveinternet.ru,Agender,8/14/2013,Product Management,92022,3
Hubey,Berzin,hberzin57@feedburner.com,Male,7/10/2016,Product Management,90897,1
Ely,De Meis,edemeis58@mlb.com,Polygender,8/20/2014,Research and Development,171197,
Laurent,Kardos,lkardos59@sogou.com,Male,1/1/2017,Support,123966,5
Essa,Leetham,eleetham5a@mit.edu,Female,1/18/2018,Legal,112396,
Angelica,Attwood,aattwood5b@cocolog-nifty.com,Female,1/27/2014,Business Development,115902,
Ulrick,Breheny,ubreheny5c@bloglines.com,Male,,Support,60362,12
Vassily,Paynes,vpaynes5d@indiatimes.com,Male,5/7/2017,Accounting,69169,
Jennica,Williment,jwilliment5e@liveinternet.ru,Female,3/28/2019,Product Management,161390,
Lambert,Thrussell,lthrussell5f@sourceforge.net,Male,,Engineering,107595,2
Francis,Highway,fhighway5g@canalblog.com,Polygender,5/1/2014,Research and Development,93873,6
Carolynn,Rodenburgh,,Female,5/25/2017,Support,98586,14
Junia,Aers,,Female,1/2/2013,Research and Development,141109,1
Mehetabel,Chessman,mchessman5j@uiuc.edu,Female,10/17/2018,Sales,111848,10
Crawford,Moehle,cmoehle5k@adobe.com,Male,11/14/2018,Business Development,162448,
Stanislaus,Schoenrock,sschoenrock5l@cdbaby.com,Male,3/13/2018,Services,170563,6
Skelly,Ert,sert5m@nba.com,Male,9/6/2016,Product Management,155920,
Erny,Le Marchant,elemarchant5n@icio.us,Male,3/3/2015,Product Management,104072,1
Tiffi,Lapsley,tlapsley5o@blogspot.com,Non-binary,,Support,151377,3
Chaunce,Faulkener,cfaulkener5p@upenn.edu,Male,10/5/2012,Sales,70262,
Elnore,Shilstone,eshilstone5q@tiny.cc,Female,10/31/2016,Support,122457,3
Stewart,Seller,,Male,7/5/2014,Engineering,78738,13
Nikolaos,Veeler,nveeler5s@sciencedirect.com,Male,,Support,76306,
Fabe,Stedson,fstedson5t@reference.com,Male,,Research and Development,175103,
Meredith,Dekeyser,mdekeyser5u@nifty.com,Male,,Sales,68877,9
Leanora,Davis,ldavis5v@cbsnews.com,Genderfluid,7/12/2016,Accounting,164062,12
Ora,Geill,,Bigender,4/26/2015,Engineering,109776,7
Brenden,Viveash,bviveash5x@usda.gov,Male,1/24/2019,,,12
Olive,Lorentzen,olorentzen5y@gov.uk,Female,3/29/2018,Engineering,95338,
Orrin,Jakubowsky,ojakubowsky5z@disqus.com,Male,3/20/2015,Product Management,126068,8
Ephrem,Benbow,ebenbow60@google.fr,Bigender,1/21/2016,Research and Development,136197,
Roxane,Lumbers,rlumbers61@apple.com,Female,5/23/2013,Human Resources,144568,7
Windham,Bruckshaw,wbruckshaw62@google.it,Male,5/2/2014,Engineering,110547,
Frederica,Braycotton,fbraycotton63@jimdo.com,Female,12/1/2016,Research and Development,176112,10
Vaclav,Heijnen,vheijnen64@tinypic.com,Male,,Human Resources,131341,13
Myrah,MacTerrelly,mmacterrelly65@webnode.com,Female,,Sales,78001,4
Moises,Marrison,mmarrison66@google.co.jp,Male,8/19/2015,Research and Development,99380,7
Jocelyne,Tomicki,jtomicki67@discuz.net,Female,2/23/2019,Engineering,169695,1
Latashia,Reay,lreay68@webeden.co.uk,Agender,10/1/2016,Engineering,176530,
Kiersten,Phillps,kphillps69@sun.com,Female,12/19/2015,Accounting,118732,12
Rivkah,Eagles,reagles6a@hexun.com,Female,3/26/2013,Engineering,110337,3
Tiffani,Beasant,,Female,7/24/2016,Research and Development,99808,
Farlay,De Cruze,fdecruze6c@csmonitor.com,Male,2/14/2018,Accounting,104431,6
Octavia,Forward,oforward6d@themeforest.net,Female,1/13/2016,Training,101900,
Chan,MacGowing,cmacgowing6e@jugem.jp,Male,4/9/2019,Legal,98096,11
Rachel,Yarrall,ryarrall6f@wikipedia.org,Female,5/29/2019,Training,90094,6
Michaella,Silverlock,msilverlock6g@acquirethisname.com,Female,12/11/2014,Product Management,88935,1
Willabella,Kose,wkose6h@bandcamp.com,Female,10/24/2014,Marketing,129255,2
Montague,Radmer,mradmer6i@mashable.com,Male,5/3/2016,Support,128483,3
Elie,Pasley,epasley6j@vk.com,Female,5/20/2015,Services,149612,10
Gayleen,O' Shea,goshea6k@umn.edu,Female,2/28/2016,Support,176474,7
Stanley,McJarrow,smcjarrow6l@marriott.com,Male,1/9/2018,Accounting,103508,
Niki,Parton,nparton6m@cargocollective.com,Female,12/27/2017,Support,173200,
Tory,Rainton,trainton6n@pagesperso-orange.fr,Female,12/2/2014,,,13
Miriam,Iliffe,miliffe6o@studiopress.com,Genderfluid,,Training,103428,14
Ortensia,McAneny,omcaneny6p@yahoo.co.jp,Female,1/5/2016,Sales,144331,
Grover,Maken,gmaken6q@telegraph.co.uk,Male,,Sales,150606,
Mei,Bawdon,mbawdon6r@wikipedia.org,Female,10/4/2016,Human Resources,144713,3
Casper,Nelson,,Male,1/25/2019,Training,159207,4
Hermia,Eldritt,heldritt6t@moonfruit.com,Female,5/4/2019,Accounting,105618,14
Tracy,Kertess,tkertess6u@elpais.com,Female,3/7/2016,Engineering,172729,
Aridatha,Wilmott,awilmott6v@sohu.com,Female,4/25/2013,,,
Alyse,Swayton,aswayton6w@live.com,Female,8/4/2018,Business Development,81639,
Gabriel,Cammock,gcammock6x@163.com,Male,,Legal,64841,12
Kurtis,Hamill,khamill6y@odnoklassniki.ru,Male,6/7/2015,Sales,122827,9
Porty,Gluyus,,Male,1/2/2017,Marketing,64166,12
Tisha,Littlemore,tlittlemore70@list-manage.com,Female,4/28/2016,Research and Development,160915,12
Niccolo,Mynett,nmynett71@tuttocitta.it,Male,10/9/2017,Marketing,142135,11
Damita,Bartolomivis,dbartolomivis72@ask.com,Polygender,9/21/2014,Research and Development,93515,4
Cosmo,Pickerin,cpickerin73@dedecms.com,Male,8/25/2019,Services,100386,15
Glori,Castanie,gcastanie74@macromedia.com,Female,,Engineering,136571,10
Karin,Vasyukhin,kvasyukhin75@msu.edu,Female,2/15/2015,Legal,103691,12
Isidor,Geraudel,igeraudel76@state.gov,Male,9/16/2017,Engineering,85593,14
Godard,Lawland,glawland77@twitpic.com,Male,11/27/2018,Services,178320,14
Codie,Valentelli,,Female,2/7/2018,Marketing,74546,7
Andriette,Revening,arevening79@google.nl,Female,3/2/2015,Product Management,113527,1
Herb,Paggitt,hpaggitt7a@google.com,Male,11/8/2016,,,14
Euell,Hillam,ehillam7b@nationalgeographic.com,Male,10/14/2014,Product Management,77475,14
Derwin,Selvey,dselvey7c@dropbox.com,Male,12/26/2018,Training,112973,3
Xever,Gagg,xgagg7d@odnoklassniki.ru,Male,12/25/2014,Human Resources,123207,
Pam,Frede,pfrede7e@oaic.gov.au,Female,,Sales,153137,7
Lori,Pinsent,lpinsent7f@buzzfeed.com,Female,7/23/2017,Research and Development,158594,
Petr,Deftie,pdeftie7g@sogou.com,Male,5/14/2019,Product Management,119419,
Annmarie,Wrennall,awrennall7h@hc360.com,Female,3/2/2013,Product Management,175852,
Cyril,Vann,cvann7i@ed.gov,Male,12/20/2018,Marketing,89888,
Barton,Domone,bdomone7j@yellowbook.com,Male,7/13/2015,Research and Development,169316,
Niko,Baudoux,nbaudoux7k@imgur.com,Male,,Marketing,87671,9
Dolorita,Langelay,dlangelay7l@epa.gov,Female,,Engineering,141382,
Gwen,Jermin,gjermin7m@state.gov,Female,,Research and Development,85098,
Stearn,Yitzowitz,syitzowitz7n@illinois.edu,Male,,Training,86856,
Prince,Allebone,,Male,,Research and Development,136812,2
Hortensia,Serrell,hserrell7p@a8.net,Female,5/12/2014,Business Development,122681,14
Orelee,Robertz,,Female,6/11/2017,Support,106296,15
Marcelline,Mellish,mmellish7r@sogou.com,Female,9/12/2016,Accounting,92212,11
Mattias,Patmore,mpatmore7s@pinterest.com,Male,,,,
Sherry,Widmore,swidmore7t@answers.com,Female,6/11/2019,Sales,148153,8
Bogey,Dunbleton,bdunbleton7u@wsj.com,Male,6/1/2015,Engineering,176586,5
Paulita,Villalta,pvillalta7v@yelp.com,Female,5/11/2013,Business Development,88505,14
Avrom,Evered,aevered7w@sitemeter.com,Male,5/6/2015,Accounting,143754,8
Chloette,Huccaby,chuccaby7x@diigo.com,Female,1/8/2016,Research and Development,78317,1
Rhett,Stains,rstains7y@domainmarket.com,Male,9/8/2013,Engineering,137296,13
Gino,Byrd,gbyrd7z@clickbank.net,Male,,Sales,107392,
Lyndsey,Harbar,lharbar80@ustream.tv,Female,4/20/2013,Sales,133328,3
Vincent,McKnockiter,vmcknockiter81@mtv.com,Male,,,,1
Shandy,Pember,,Female,,Product Management,78107,4
Gregor,Mingaye,gmingaye83@unesco.org,Male,11/12/2015,Engineering,152467,3
Alix,Wegman,awegman84@upenn.edu,Male,3/29/2018,Sales,83082,
Mira,Munns,mmunns85@apache.org,Female,,Human Resources,63380,5
Jackson,Oakenfull,,Non-binary,3/17/2014,Legal,80047,5
Parker,Boggers,,Male,1/29/2017,Research and Development,136314,14
Marabel,Balaam,mbalaam88@google.com.br,Female,2/10/2019,Product Management,60592,
Agustin,Verrillo,averrillo89@shutterfly.com,Male,3/6/2016,Human Resources,160295,
Sarah,Wille,swille8a@cyberchimps.com,Female,7/24/2014,Legal,166736,2
Willow,Lally,wlally8b@usatoday.com,Female,6/30/2019,Training,155299,4
Rosabella,Farans,,Female,12/24/2014,Legal,178957,5
Vicki,Screen,vscreen8d@people.com.cn,Female,4/13/2016,Human Resources,100179,9
Tad,Sommerton,,Genderqueer,1/4/2013,Sales,118840,12
Kenton,Benninger,kbenninger8f@ebay.co.uk,Male,10/27/2018,Human Resources,72632,9
Verine,Follitt,,Female,8/18/2016,Training,127897,
Tadd,Dutnell,tdutnell8h@jigsy.com,Male,,Services,85340,8
Charmine,Velden,cvelden8i@1und1.de,Female,12/20/2014,Legal,178153,3
Paul,Gotthard,pgotthard8j@slate.com,Male,4/15/2019,Training,143502,4
Sisely,Brient,sbrient8k@vinaora.com,Female,5/31/2013,Sales,146679,3
Rorie,Hopkins,rhopkins8l@microsoft.com,Female,2/11/2015,Human Resources,99084,
Ray,Fozzard,rfozzard8m@businessinsider.com,Female,5/26/2018,,,4
Sheena,Mosten,smosten8n@prweb.com,Female,3/3/2017,Research and Development,135017,
Melisenda,Fouracres,mfouracres8o@timesonline.co.uk,Bigender,2/17/2019,Product Management,154091,
Aarika,Scanlin,ascanlin8p@sun.com,Female,,Marketing,156446,15
Ennis,Shanahan,eshanahan8q@bigcartel.com,Male,,Human Resources,147476,1
Olivette,Pulham,opulham8r@xing.com,Female,6/21/2014,Support,114313,
Jacklin,Akester,jakester8s@statcounter.com,Female,10/8/2018,Research and Development,174791,13
Hill,Undy,hundy8t@marriott.com,Male,1/6/2015,Sales,159465,4
Peter,Finessy,,Male,6/10/2019,Product Management,91478,
Keefer,Nottle,knottle8v@fc2.com,Male,9/26/2013,Support,60254,
Hilliard,Heminsley,hheminsley8w@bbb.org,Male,2/6/2015,Human Resources,166923,10
Nanni,Duchenne,,Female,1/25/2017,Human Resources,94193,12
Maye,Pirdy,mpirdy8y@webmd.com,Female,1/25/2015,,,
Cathe,Greedyer,cgreedyer8z@icq.com,Genderqueer,6/7/2018,Legal,172526,
Dara,Mitchiner,dmitchiner90@ucsd.edu,Female,,Research and Development,168795,1
Flore,Glasbey,fglasbey91@sphinn.com,Female,4/25/2017,Business Development,99442,
Abbe,Robertet,arobertet92@hhs.gov,Female,,Accounting,159489,3
Damara,Lattie,dlattie93@amazon.co.jp,Female,1/17/2015,Training,85785,6
Jesselyn,De Winton,jdewinton94@reverbnation.com,Female,12/12/2017,Accounting,167067,10
Berkly,Avon,bavon95@gravatar.com,Male,,Business Development,116336,11
Libby,Blanden,,Female,5/29/2017,Engineering,149058,5
Katrinka,Petre,kpetre97@canalblog.com,Female,10/10/2016,Legal,173306,7
Mahmud,Colebourn,mcolebourn98@ifeng.com,Male,7/21/2016,Product Management,91659,10
Randy,Philpault,rphilpault99@epa.gov,Female,3/18/2018,Support,168186,3
Kermit,Bolduc,,Polygender,,Engineering,133992,3
Raleigh,MacMenamy,rmacmenamy9b@purevolume.com,Male,6/5/2015,Product Management,60334,2
Brigg,Oldcote,boldcote9c@opensource.org,Male,12/10/2016,,,5
Nichols,Huckfield,nhuckfield9d@disqus.com,Male,,Business Development,84518,7
Klara,Mathiassen,kmathiassen9e@nytimes.com,Female,,Support,119348,12
Sergei,Breznovic,sbreznovic9f@slate.com,Male,,Support,93201,11
Emmet,Lilliman,elilliman9g@archive.org,Male,5/16/2018,Legal,96417,
Genna,De Vuyst,gdevuyst9h@yelp.com,Female,12/14/2017,Accounting,70146,
Eadmund,Iggo,eiggo9i@google.com.hk,Male,1/13/2019,Engineering,112708,13
Jordain,Decruse,jdecruse9j@latimes.com,Female,11/3/2018,Human Resources,63391,
Lyndel,Hodgets,lhodgets9k@ox.ac.uk,Female,,Legal,69241,5
Demetria,McCafferky,dmccafferky9l@weather.com,Female,10/3/2014,Support,127448,5
Austen,Isenor,aisenor9m@dmoz.org,Male,8/16/2019,Engineering,144525,12
Basile,Mordon,bmordon9n@sakura.ne.jp,Male,12/3/2012,Sales,178113,14
Myrtie,Cossins,mcossins9o@slideshare.net,Female,,Sales,146573,7
Artemis,Eastmead,aeastmead9p@vk.com,Male,3/30/2018,Accounting,65433,
Hilly,McSparran,hmcsparran9q@hubpages.com,Male,8/22/2017,Legal,81248,
Free,Habden,fhabden9r@harvard.edu,Male,,Engineering,151391,14
Desmond,Bercevelo,dbercevelo9s@nifty.com,Male,,Accounting,129201,
Rufe,Menloe,rmenloe9t@about.com,Male,8/6/2017,Sales,132966,14
Larina,Hellsdon,lhellsdon9u@reddit.com,Female,,Accounting,132030,7
Reeta,Batty,rbatty9v@chicagotribune.com,Female,12/10/2016,Services,132559,10
Odell,Gullivan,ogullivan9w@odnoklassniki.ru,Male,10/18/2017,Human Resources,125299,5
Frazier,MacCostye,fmaccostye9x@de.vu,Male,4/25/2017,Marketing,145900,
Ingemar,Wynrahame,iwynrahame9y@google.co.uk,Male,8/6/2013,Product Management,126771,1
Melamie,Sunnucks,msunnucks9z@intel.com,Female,5/24/2018,Business Development,74129,
Verile,Iacovelli,viacovellia0@berkeley.edu,Female,,Services,153907,4
Helli,Stirrup,hstirrupa1@cornell.edu,Female,3/6/2015,Business Development,165796,
Tate,Lintill,tlintilla2@twitpic.com,Male,8/6/2017,Business Development,60468,
Romy,Bozier,rboziera3@amazonaws.com,Female,2/2/2013,Research and Development,135287,
Rafe,Malins,,Male,11/20/2018,Product Management,154350,7
Marni,Gerner,mgernera5@ucla.edu,Female,3/24/2015,Product Management,157882,7
Moina,Aynscombe,maynscombea6@paginegialle.it,Female,,Support,125570,4
Carree,Kluss,cklussa7@taobao.com,Female,4/7/2019,Training,82139,3
Abdel,MacIan,amaciana8@artisteer.com,Male,7/22/2015,Product Management,138923,11
Arlina,Roscoe,aroscoea9@examiner.com,Female,,Legal,70017,8
Pavel,Babington,pbabingtonaa@delicious.com,Male,12/31/2017,Training,105681,7
Walker,Strond,,Male,8/25/2013,Business Development,60700,
Judie,Chalcroft,jchalcroftac@salon.com,Female,7/3/2014,Training,138285,
Starlin,Ducker,sduckerad@miibeian.gov.cn,Female,10/11/2013,Human Resources,65996,7
Albrecht,Bielefeld,abielefeldae@sbwire.com,Male,7/27/2018,Research and Development,112772,2
Bobbye,Dimblebee,,Female,3/23/2017,Marketing,173632,2
Teodora,Giddins,tgiddinsag@etsy.com,Genderfluid,12/16/2014,,,1
Tadio,Roman,tromanah@cocolog-nifty.com,Male,12/21/2015,Product Management,73287,
Katey,Stitson,,Female,9/16/2013,Human Resources,133996,
Keelby,Vose,kvoseaj@alibaba.com,Male,,,,8
Alene,Kingdon,,Female,10/28/2017,Marketing,164850,5
Hatty,Donaghy,hdonaghyal@about.com,Female,,Support,134193,10
Wadsworth,Van der Linde,wvanderlindeam@stumbleupon.com,Male,,Accounting,148876,
Creighton,Tee,,Male,,Business Development,93678,
Cortie,Bruck,cbruckao@ifeng.com,Male,2/22/2019,Services,170499,15
Palmer,Rapps,prappsap@sciencedirect.com,Agender,1/7/2017,Legal,89076,2
Bryanty,Crix,bcrixaq@cyberchimps.com,Male,3/7/2016,Training,111617,
Flo,Collingham,fcollinghamar@prnewswire.com,Female,6/6/2019,Legal,84468,
Natalina,O'Curran,nocurranas@gmpg.org,Female,1/6/2017,Sales,77053,15
Marjory,Daniaud,mdaniaudat@princeton.edu,Female,1/16/2015,Human Resources,136035,
Ingram,Chateau,ichateauau@multiply.com,Male,4/22/2019,Legal,80529,6
Annice,Pesterfield,apesterfieldav@europa.eu,Female,5/4/2018,Sales,173274,5
Sven,Abthorpe,sabthorpeaw@a8.net,Male,1/27/2019,Accounting,64957,11
Bastien,McGuiney,bmcguineyax@abc.net.au,Male,7/13/2015,Business Development,95195,3
Wilmer,Butlin,wbutlinay@columbia.edu,Male,3/17/2019,Sales,77016,
Bobbette,Nurny,bnurnyaz@sina.com.cn,Female,8/23/2017,,,1
Tye,Pinkard,tpinkardb0@biblegateway.com,Male,3/20/2014,Engineering,94768,
Morissa,Beining,mbeiningb1@quantcast.com,Female,10/26/2015,Support,166216,
Martie,Baudasso,mbaudassob2@rambler.ru,Male,2/15/2014,Training,91882,5
Jeff,Deetlefs,jdeetlefsb3@time.com,Male,7/25/2016,Training,115961,6
Vite,McGennis,vmcgennisb4@wix.com,Agender,,Marketing,172743,
Adelina,Swinfen,aswinfenb5@ebay.co.uk,Female,9/29/2016,Marketing,97197,6
Valaree,Reddin,vreddinb6@buzzfeed.com,Female,7/21/2018,Business Development,80272,13
Rheta,Brookesbie,rbrookesbieb7@live.com,Female,11/20/2014,Engineering,72974,
Julie,Fawbert,jfawbertb8@wufoo.com,Female,6/23/2018,Services,169450,13
Clotilda,Aveson,cavesonb9@homestead.com,Female,,Support,165618,10
Genevieve,Ratnage,gratnageba@cnn.com,Female,1/30/2015,Human Resources,160248,
Matty,Martensen,mmartensenbb@rambler.ru,Male,7/12/2013,Sales,92090,1
Marie-jeanne,Byrth,mbyrthbc@google.ru,Female,3/29/2016,Legal,146640,
Clarey,Checci,ccheccibd@jugem.jp,Female,3/17/2017,Human Resources,83533,7
Nicolais,Bumfrey,nbumfreybe@addthis.com,Male,3/22/2019,Human Resources,162428,2
Laney,Hawkeswood,lhawkeswoodbf@sfgate.com,Male,7/31/2019,Legal,118584,
Guillemette,Fuzzard,gfuzzardbg@oakley.com,Female,11/6/2017,Business Development,160618,
Demetri,Langhor,dlanghorbh@mashable.com,Polygender,8/26/2017,Accounting,72841,
Byran,Guy,bguybi@youtube.com,Male,6/6/2015,Accounting,156703,
Bonita,Willcott,bwillcottbj@yahoo.co.jp,Polygender,11/27/2017,Training,154800,5
Jessie,Pelosi,jpelosibk@google.ca,Male,4/10/2013,Engineering,83405,
Barrett,Tabourel,btabourelbl@ibm.com,Male,11/1/2017,Business Development,66106,4
Astrid,Readshall,areadshallbm@economist.com,Female,3/8/2019,Services,153782,7
Evey,Tiery,etierybn@rakuten.co.jp,Female,,Support,170385,7
Jermaine,Llopis,jllopisbo@usgs.gov,Female,,Services,147014,2
Adela,Saben,asabenbp@washington.edu,Female,2/27/2016,,,14
Jephthah,Deverille,jdeverillebq@canalblog.com,Male,1/14/2013,Accounting,60421,1
Zerk,Emsley,zemsleybr@dailymotion.com,Male,4/17/2016,Engineering,105881,4
Chev,Wolverson,cwolversonbs@sourceforge.net,Male,4/16/2018,Support,177987,
Annabella,Shapera,ashaperabt@gizmodo.com,Female,9/29/2012,Business Development,145497,4
Edik,Thowes,ethowesbu@webs.com,Male,8/17/2013,Services,127828,6
Melosa,Mertsching,mmertschingbv@lycos.com,Non-binary,12/11/2016,Research and Development,147043,
Konstantin,Howlings,khowlingsbw@nasa.gov,Male,,Sales,145646,1
Aviva,Seeler,aseelerbx@vistaprint.com,Agender,,Engineering,173634,8
Fritz,Crich,fcrichby@bravesites.com,Male,6/10/2018,Business Development,117708,3
Brockie,Pooly,bpoolybz@list-manage.com,Male,3/11/2019,Marketing,115656,8
Betty,Knappen,bknappenc0@csmonitor.com,Female,6/12/2016,Product Management,107494,
Erda,MacDermid,emacdermidc1@joomla.org,Female,10/1/2015,Accounting,155314,10
Donalt,Duffin,dduffinc2@japanpost.jp,Male,8/16/2013,Accounting,166716,7
Emory,Klimkin,eklimkinc3@trellian.com,Male,2/1/2017,Product Management,88534,8
Gilles,Forestall,gforestallc4@washingtonpost.com,Genderfluid,12/16/2015,Human Resources,125138,11
Murray,Cherry Holme,mcherryholmec5@reference.com,Male,8/29/2017,Sales,123839,9
Derrick,McGannon,dmcgannonc6@senate.gov,Male,12/29/2013,,,1
Theodore,Nissle,tnisslec7@nsw.gov.au,Male,10/2/2012,,,1
Germaine,Bohlmann,gbohlmannc8@goo.ne.jp,Male,11/9/2012,,,
Lucho,Pellatt,lpellattc9@phpbb.com,Male,,Business Development,102795,11
Shayne,Deveraux,,Female,1/27/2019,Legal,111548,
Norbert,Gossage,,Male,6/19/2018,Product Management,99449,6
Wallie,Deeming,wdeemingcc@deliciousdays.com,Female,7/29/2013,Business Development,79371,15
Nels,Loft,nloftcd@sina.com.cn,Male,3/15/2013,Business Development,62076,
Boy,Benjamin,bbenjamince@wired.com,Male,8/14/2018,Research and Development,83840,9
Trey,Wholesworth,twholesworthcf@goo.ne.jp,Male,9/28/2013,Human Resources,128933,
Brinna,Tansly,btanslycg@sakura.ne.jp,Female,8/5/2016,Sales,95116,
Lorilyn,Libermore,,Female,,Legal,151180,13
Mariya,Augustus,maugustusci@mozilla.org,Female,10/27/2015,Engineering,79535,1
Gayleen,Le Borgne,gleborgnecj@va.gov,Female,5/5/2017,Support,102410,2
Corene,Boothman,,Female,4/28/2018,Product Management,63338,15
Bartholomeus,Bottrell,bbottrellcl@bloglines.com,Male,12/26/2013,Marketing,119147,12
Gene,Jopke,gjopkecm@multiply.com,Non-binary,2/23/2014,Business Development,93159,10
Keenan,Ege,kegecn@examiner.com,Male,8/2/2018,Sales,79180,
Jordanna,Soutter,jsoutterco@alibaba.com,Female,4/19/2015,Accounting,131780,9
Chantalle,Toe,ctoecp@indiegogo.com,Female,10/24/2012,Research and Development,104510,9
Robinet,Gleasane,rgleasanecq@usa.gov,Genderqueer,4/14/2013,Sales,95148,
Carleen,Rickasse,crickassecr@economist.com,Female,1/22/2014,Engineering,67461,1
Brnaba,Wennington,bwenningtoncs@berkeley.edu,Male,1/2/2013,Business Development,123954,4
Kiri,Bushell,kbushellct@elegantthemes.com,Female,8/13/2019,Business Development,100391,4
Daphna,Dun,dduncu@geocities.com,Female,10/12/2017,Human Resources,126133,5
Desirae,Copeland,dcopelandcv@1688.com,Female,3/15/2016,Support,123761,
Graehme,Nye,gnyecw@a8.net,Male,8/14/2013,Human Resources,139329,12
Betti,Spottiswoode,bspottiswoodecx@ebay.co.uk,Female,4/14/2013,Sales,169650,
Felicity,Beniesh,fbenieshcy@weather.com,Female,9/14/2014,Support,167335,
Kamillah,Petru,,Female,9/4/2019,Support,167920,6
Drona,Isherwood,disherwoodd0@seattletimes.com,Female,,Training,70012,12
Salomo,Pattlel,spattleld1@tinyurl.com,Male,8/31/2015,Accounting,119265,
Elston,Corkhill,ecorkhilld2@fema.gov,Male,,Product Management,81335,
Jarad,Measom,,Male,7/11/2019,Product Management,172353,12
Aksel,Burnitt,aburnittd4@cpanel.net,Male,11/17/2017,Research and Development,113381,1
Harrison,Hullett,hhullettd5@bigcartel.com,Male,,Research and Development,106652,6
Brendin,Benardet,bbenardetd6@ebay.co.uk,Male,2/20/2015,Engineering,176094,3
Tallia,Hawkslee,thawksleed7@google.de,Female,5/27/2014,Product Management,92285,3
Ingrid,Bodker,ibodkerd8@istockphoto.com,Female,10/30/2018,Sales,164324,3
Lindy,Torre,ltorred9@miibeian.gov.cn,Male,2/5/2019,Accounting,108912,
Con,Ratnage,cratnageda@t-online.de,Agender,9/24/2016,Research and Development,84567,14
Kassi,Walbrun,kwalbrundb@examiner.com,Female,6/9/2015,Accounting,107640,6
Beryle,Leyman,bleymandc@icio.us,Female,8/4/2013,Services,101789,15
Betsy,Leyborne,bleybornedd@craigslist.org,Female,11/11/2015,Legal,104027,15
Kippar,Howey,khoweyde@amazon.co.jp,Male,2/19/2013,Product Management,96448,9
Dermot,Winterflood,dwinterflooddf@nyu.edu,Male,1/3/2014,Engineering,161539,
Ode,Croke,ocrokedg@reddit.com,Male,1/10/2018,Training,147696,
Reg,Hardan,rhardandh@wired.com,Male,10/15/2018,Training,100634,1
Dennison,Fairtlough,dfairtloughdi@meetup.com,Male,6/16/2014,Engineering,116850,7
Adair,Kennea,akenneadj@bing.com,Male,,Support,115518,
Tull,Potell,tpotelldk@sourceforge.net,Non-binary,10/9/2018,Research and Development,121125,
Gus,O'Crotty,gocrottydl@berkeley.edu,Male,,Product Management,166634,3
Dorry,Rosenthal,drosenthaldm@cdc.gov,Female,,Human Resources,109475,1
Gregoor,Amiss,gamissdn@instagram.com,Male,11/16/2013,Services,132540,4
Nat,Jefford,njefforddo@youku.com,Female,3/9/2015,Marketing,131471,
Lelia,Robers,lrobersdp@discuz.net,Female,10/16/2017,Business Development,123568,11
Mohammed,Norrey,mnorreydq@spiegel.de,Male,12/3/2015,Training,80745,12
Barde,Brent,bbrentdr@taobao.com,Male,11/26/2018,Product Management,87525,
Karmen,Palmar,kpalmards@ca.gov,Female,11/25/2015,Sales,152481,3
Jody,Willimot,jwillimotdt@bbc.co.uk,Female,8/13/2016,Training,74134,
Colman,Kupis,ckupisdu@fema.gov,Male,8/21/2014,Human Resources,66857,4
Theadora,Naden,tnadendv@ft.com,Female,1/6/2019,Business Development,141438,1
Kerk,Lawford,klawforddw@quantcast.com,Male,6/12/2016,Legal,94402,6
Merwin,Paterson,mpatersondx@adobe.com,Male,9/20/2014,Accounting,131175,11
Mickey,Vanyushin,,Male,11/26/2012,Sales,88201,5
Tomaso,Kearn,tkearndz@lulu.com,Male,,Marketing,136448,6
Hinze,Muscott,hmuscotte0@tripadvisor.com,Male,,Accounting,82250,7
Archy,Pantridge,apantridgee1@businessweek.com,Male,4/20/2019,Services,114964,9
Brendan,Capstack,bcapstacke2@paginegialle.it,Male,,Business Development,111427,3
Page,Sharkey,psharkeye3@hc360.com,Male,6/13/2019,Training,81538,
Elvyn,Alvaro,ealvaroe4@loc.gov,Male,9/30/2015,Services,169133,2
Shelby,Manuaud,smanuaude5@w3.org,Male,11/29/2013,Sales,116616,12
Sloane,Wenn,,Male,9/1/2017,Sales,109785,
Chaunce,Rosario,crosarioe7@51.la,Male,5/8/2019,Business Development,175509,9
Rosemonde,Julien,,Female,4/5/2018,Support,129116,4
Andie,Whorton,awhortone9@statcounter.com,Male,8/12/2019,,,7
Cordell,Aslott,caslottea@wisc.edu,Male,,Product Management,119905,4
Gayle,Postins,gpostinseb@cbslocal.com,Female,6/5/2014,Human Resources,102177,7
Sigismondo,Doran,sdoranec@vistaprint.com,Male,4/28/2014,Training,82727,
Domeniga,Lowers,dlowersed@phpbb.com,Female,7/2/2016,Services,86309,
Auberta,Adhams,aadhamsee@businesswire.com,Female,7/9/2015,Accounting,123916,10
Dukey,Parish,dparishef@cbsnews.com,Male,10/3/2014,Research and Development,101807,
Elka,Boecke,eboeckeeg@deviantart.com,Female,,Human Resources,143464,4
Emmi,Pietasch,epietascheh@themeforest.net,Female,3/19/2015,Human Resources,113939,7
Romain,Hauck,rhauckei@sakura.ne.jp,Male,2/16/2016,Engineering,153037,13
Jordan,Lambot,jlambotej@ifeng.com,Female,6/24/2017,,,10
Jud,Cole,,Male,10/18/2016,Research and Development,90772,13
Spenser,Sewards,ssewardsel@devhub.com,Male,,Engineering,134639,13
Denys,Mapson,dmapsonem@newsvine.com,Male,8/21/2018,Business Development,126118,2
Florencia,Scading,fscadingen@bbc.co.uk,Female,6/8/2013,Accounting,171999,7
Fania,Gouldthorp,fgouldthorpeo@lulu.com,Female,7/18/2018,Legal,121116,5
Aldin,Kloss,aklossep@exblog.jp,Male,,Business Development,152393,
Ezequiel,Cranson,ecransoneq@plala.or.jp,Male,12/19/2013,Product Management,177998,9
Alfreda,Dislee,adisleeer@comcast.net,Agender,1/19/2018,Marketing,82585,4
Myrtia,Nightingale,mnightingalees@printfriendly.com,Female,1/9/2014,Product Management,148251,13
Skipper,Duer,sdueret@virginia.edu,Male,1/21/2017,Support,156175,
Hannis,Clemens,hclemenseu@marriott.com,Female,7/2/2014,Research and Development,63501,9
Emmalee,Purle,epurleev@is.gd,Female,7/25/2014,Research and Development,120958,
Cherrita,Baptist,cbaptistew@mapy.cz,Female,9/27/2016,Support,161584,4
Harv,Cussons,,Male,10/1/2013,Services,156605,15
Nellie,Paulet,npauletey@ow.ly,Female,5/29/2014,Research and Development,71596,5
Sheelah,Crocombe,scrocombeez@rambler.ru,Female,7/6/2014,Accounting,98034,
Verne,Ruprich,vruprichf0@cocolog-nifty.com,Male,,Business Development,60652,
Asia,Kilday,akildayf1@furl.net,Female,,Product Management,120376,11
Blayne,Nock,bnockf2@reference.com,Male,9/19/2018,Marketing,80297,10
Meir,Birtwhistle,mbirtwhistlef3@blog.com,Male,10/20/2012,Research and Development,160644,
Ebonee,Redler,eredlerf4@163.com,Female,10/27/2018,Services,164794,
Darice,Smallpiece,dsmallpiecef5@facebook.com,Female,7/10/2014,Sales,108659,6
Neall,Cassimer,ncassimerf6@domainmarket.com,Male,,Legal,94057,
Bendite,Mounsie,bmounsief7@mozilla.org,Female,,Support,62021,6
Cyril,Farlowe,cfarlowef8@msn.com,Male,9/15/2017,Human Resources,169263,
Dudley,McCumskay,dmccumskayf9@sina.com.cn,Male,,,,2
Beret,Ford,bfordfa@live.com,Female,7/1/2014,Support,179669,12
Chance,Heinssen,cheinssenfb@blinklist.com,Male,5/2/2018,Services,159253,
Yelena,Tommasi,ytommasifc@pcworld.com,Female,1/29/2019,Business Development,63547,7
Kali,Aspel,kaspelfd@bloglovin.com,Female,7/13/2019,Business Development,169810,11
Duky,Edmonds,dedmondsfe@howstuffworks.com,Male,4/28/2016,Product Management,108894,
Jakob,Obey,jobeyff@nationalgeographic.com,Male,9/1/2014,Support,168400,6
Anthea,Kettlesing,akettlesingfg@so-net.ne.jp,Female,3/26/2014,Sales,98350,11
Gaylene,Easeman,geasemanfh@addtoany.com,Agender,9/18/2014,Training,163120,
Georgine,Sillis,gsillisfi@multiply.com,Female,11/17/2015,Legal,128458,8
Sarajane,Carletti,scarlettifj@cocolog-nifty.com,Female,12/4/2016,Support,150701,
Bride,Izzat,bizzatfk@loc.gov,Female,1/26/2018,Support,95259,1
Hewet,Greening,hgreeningfl@furl.net,Male,1/6/2018,Services,163062,15
Sly,Haydon,shaydonfm@w3.org,Male,11/10/2017,Support,143717,8
Candis,Craven,ccravenfn@opensource.org,Female,,,,6
Dwain,Rooke,drookefo@oaic.gov.au,Male,,Legal,72667,10
Gayler,Ranns,grannsfp@drupal.org,Male,7/21/2013,Business Development,175515,12
My,Haggidon,mhaggidonfq@ycombinator.com,Male,12/25/2016,,,15
Claudette,Tucknott,ctucknottfr@wp.com,Female,10/13/2017,Sales,120264,4
Georgiana,Lydford,glydfordfs@zimbio.com,Female,7/20/2018,Training,111088,8
Livvyy,Chalfant,lchalfantft@etsy.com,Female,,Sales,107617,9
Verney,Chiverton,vchivertonfu@mashable.com,Male,,Training,138185,2
Lulita,Troop,ltroopfv@eepurl.com,Bigender,10/4/2017,Research and Development,174632,
Kylie,Wixey,kwixeyfw@acquirethisname.com,Female,4/4/2013,Product Management,66622,8
Jacquenetta,Walburn,jwalburnfx@topsy.com,Female,,Research and Development,172314,7
Putnem,Dexter,pdexterfy@feedburner.com,Male,11/4/2016,Research and Development,94067,6
Sharity,Pohlak,spohlakfz@unc.edu,Non-binary,,Support,76672,
Reinwald,Harrema,rharremag0@un.org,Male,1/18/2013,Accounting,126756,1
Teddie,Henkens,thenkensg1@hao123.com,Male,5/7/2016,Sales,75737,9
Wolfgang,Brownett,,Male,1/19/2019,Services,158076,5
Ashlan,Buckam,abuckamg3@nature.com,Female,9/18/2015,Services,133566,3
Rafaellle,Greenrodd,rgreenroddg4@themeforest.net,Male,9/30/2013,Sales,74045,5
Donny,O'Hartnett,dohartnettg5@yahoo.co.jp,Male,4/2/2014,Support,121591,8
Kennett,Dalby,kdalbyg6@sfgate.com,Male,1/15/2013,Services,125217,13
Lannie,Jore,ljoreg7@wp.com,Male,7/9/2013,Services,69720,10
Jdavie,Mosdell,jmosdellg8@yellowbook.com,Male,6/7/2017,Training,150541,12
Corbin,Veillard,cveillardg9@vistaprint.com,Genderqueer,2/2/2017,Support,63824,1
Walt,Heeran,wheeranga@globo.com,Male,12/11/2017,Accounting,134135,
Celie,Byrd,cbyrdgb@parallels.com,Female,,Services,166033,8
Bettine,Matuszinski,bmatuszinskigc@cyberchimps.com,Female,1/2/2016,Support,137482,1
Kimbell,Risborough,krisboroughgd@list-manage.com,Male,10/2/2012,Research and Development,146658,
Pierrette,Tenaunt,ptenauntge@walmart.com,Female,4/15/2013,Accounting,128794,8
Kelsey,Giovanardi,kgiovanardigf@state.tx.us,Female,12/8/2013,Business Development,127081,1
Mathilda,Wem,mwemgg@trellian.com,Female,7/16/2019,Support,123367,12
Kristoforo,O'Dougherty,kodoughertygh@biblegateway.com,Male,9/10/2016,Services,81710,10
Filip,Desantis,fdesantisgi@cdc.gov,Male,10/1/2016,Legal,112754,11
Tessi,Nevison,tnevisongj@geocities.jp,Female,7/16/2015,Business Development,108237,6
Tiebout,Ludvigsen,tludvigsengk@un.org,Male,1/27/2019,Accounting,155350,
Lucian,Fayter,lfaytergl@irs.gov,Male,8/25/2015,Services,89017,10
Sheila-kathryn,Vsanelli,svsanelligm@t-online.de,Female,9/11/2014,Accounting,172131,5
Grier,Blankhorn,gblankhorngn@squarespace.com,Female,6/28/2019,,,
Kelsi,Jelleman,kjellemango@paypal.com,Female,12/14/2016,Legal,93186,
Dedra,Botfield,dbotfieldgp@exblog.jp,Female,8/29/2014,Engineering,144557,7
Beaufort,Lurner,blurnergq@joomla.org,Male,6/7/2014,Training,66611,15
Eliot,Joselevitz,ejoselevitzgr@kickstarter.com,Male,6/25/2017,Legal,61419,
Shep,Stansbie,sstansbiegs@google.co.uk,Male,2/24/2017,,,7
Rubi,McFetridge,,Female,4/4/2019,Marketing,161457,9
Ado,Eldredge,aeldredgegu@google.cn,Male,10/22/2018,Sales,113816,
Kaylee,Blunsden,kblunsdengv@eventbrite.com,Female,5/22/2019,Legal,133462,
Vi,Lockhart,vlockhartgw@yelp.com,Female,,Sales,72974,
Joli,Snibson,jsnibsongx@state.gov,Female,5/5/2017,Accounting,140341,13
Malissia,Fudge,mfudgegy@slashdot.org,Female,,Marketing,105143,
Hamish,Elrick,helrickgz@51.la,Male,11/3/2015,Product Management,103131,12
Frazer,Hoofe,fhoofeh0@va.gov,Male,12/10/2013,Sales,170034,8
Sheba,Simony,ssimonyh1@house.gov,Female,9/6/2017,Business Development,78087,9
Clim,Looby,cloobyh2@imgur.com,Male,11/8/2013,,,
Cami,Gurney,cgurneyh3@xrea.com,Female,,Accounting,152270,3
Zelig,Flowerden,zflowerdenh4@rediff.com,Male,11/21/2014,Human Resources,78887,
Archaimbaud,de la Tremoille,adelatremoilleh5@berkeley.edu,Non-binary,11/19/2016,Legal,63412,13
Porty,Wilcox,pwilcoxh6@netvibes.com,Male,8/18/2019,Engineering,155087,
Hortensia,Burnes,hburnesh7@nyu.edu,Female,12/1/2016,Research and Development,107925,
Boyce,Snaddon,bsnaddonh8@cbslocal.com,Male,9/25/2018,Marketing,64184,14
Raimund,Ickovici,rickovicih9@indiatimes.com,Male,,Marketing,150490,11
Alyssa,Kayser,akayserha@senate.gov,Female,6/21/2018,Product Management,115087,3
Basia,Roman,bromanhb@arizona.edu,Female,6/23/2014,Support,95954,11
Colas,Noell,cnoellhc@ucoz.com,Male,3/1/2017,Marketing,80325,
Celka,Speachley,cspeachleyhd@slashdot.org,Female,2/17/2013,Human Resources,84907,9
Donavon,Vanyakin,dvanyakinhe@etsy.com,Male,5/23/2014,Research and Development,172574,
Sly,Knoles,sknoleshf@phoca.cz,Male,3/31/2019,Services,161088,5
Milissent,Pie,mpiehg@yahoo.co.jp,Female,1/7/2018,Training,143670,14
Cull,Slewcock,cslewcockhh@histats.com,Male,2/21/2015,Research and Development,138445,14
Wes,Beggan,wbegganhi@macromedia.com,Male,6/30/2013,Accounting,138542,6
Ab,Tillman,atillmanhj@cdbaby.com,Male,,Training,78205,
Jeane,Crallan,jcrallanhk@time.com,Female,5/5/2015,Product Management,123246,
Helen,Blake,hblakehl@zdnet.com,Female,5/18/2019,Marketing,177118,5
Gerhardt,Hurrion,ghurrionhm@e-recht24.de,Male,6/20/2019,Research and Development,141816,8
Ellsworth,Meaney,emeaneyhn@sitemeter.com,Male,8/18/2019,Support,144658,10
Elayne,Kenford,,Female,,Product Management,120631,
Tanny,Colmore,tcolmorehp@tripadvisor.com,Male,6/11/2018,Research and Development,162756,
Cariotta,Smithies,csmithieshq@marketwatch.com,Female,4/12/2015,Services,172382,13
Marj,Garmston,mgarmstonhr@techcrunch.com,Female,,Support,110797,12
Avis,Spaven,aspavenhs@reuters.com,Female,12/26/2017,Human Resources,129592,1
Becki,Esbrook,besbrookht@zimbio.com,Female,,Marketing,127673,8
Porter,Furzer,pfurzerhu@mapy.cz,Male,4/24/2019,Engineering,65965,2
Dyane,Temby,dtembyhv@hugedomains.com,Agender,8/24/2018,Legal,155126,11
Kingston,Stickings,kstickingshw@xinhuanet.com,Male,5/26/2018,Legal,106264,13
Barnabas,Kensitt,bkensitthx@jigsy.com,Male,11/23/2012,Research and Development,119249,11
Quinton,Missington,qmissingtonhy@123-reg.co.uk,Male,10/19/2014,Product Management,165600,15
Drucy,Seery,dseeryhz@zdnet.com,Female,3/11/2016,,,
Livy,Scawen,lscaweni0@answers.com,Female,10/9/2016,Sales,102771,2
Junia,Gethouse,jgethousei1@google.com.hk,Female,4/9/2018,,,
Franny,Philip,fphilipi2@loc.gov,Male,,Legal,69563,
Ad,Timlin,,Male,7/26/2013,Engineering,84655,
Michal,Sinden,msindeni4@washington.edu,Bigender,6/9/2013,Legal,123242,10
Shara,Oxbury,soxburyi5@domainmarket.com,Female,5/16/2015,Human Resources,81942,2
Bennie,Witherdon,bwitherdoni6@bloomberg.com,Male,,Marketing,130505,6
Shela,Staziker,sstazikeri7@berkeley.edu,Female,4/26/2016,Human Resources,79921,10
Jenni,Latan,jlatani8@jiathis.com,Female,3/14/2013,Product Management,160580,6
Nicolea,Bilbee,,Female,,Accounting,170592,12
Chaddy,Fish,cfishia@github.io,Bigender,4/21/2018,Sales,166595,
Sherri,Van den Broek,svandenbroekib@etsy.com,Female,7/20/2015,Product Management,73154,
Vidovik,Conradsen,vconradsenic@cornell.edu,Genderfluid,,,,11
Nikkie,Hambrick,nhambrickid@nsw.gov.au,Female,,Human Resources,110902,10
Kettie,Netherwood,knetherwoodie@princeton.edu,Female,5/26/2016,Human Resources,67670,1
Cherianne,Dispencer,cdispencerif@webeden.co.uk,Female,2/9/2015,Human Resources,107419,
Audie,McClay,amcclayig@jugem.jp,Female,8/1/2013,Research and Development,82647,
Ravid,Butts,rbuttsih@nature.com,Male,5/7/2019,Accounting,175997,8
Saloma,Bellenger,sbellengerii@bloglovin.com,Female,11/30/2018,Training,79546,2
Angelita,Struther,astrutherij@dell.com,Female,1/26/2015,Marketing,139576,
Tawnya,Dobbins,tdobbinsik@nyu.edu,Female,9/22/2016,Sales,119785,12
Shanie,Korneev,skorneevil@ucoz.com,Female,,Services,113471,9
Pascal,Uzielli,puzielliim@shareasale.com,Male,5/29/2019,Engineering,93097,2
Valene,Houndsom,vhoundsomin@ft.com,Genderfluid,2/7/2016,Legal,62170,15
Blair,Quinion,bquinionio@ycombinator.com,Female,,Business Development,79621,
Fifine,Feld,,Female,2/18/2019,Support,154278,10
Maximilien,Dur,mduriq@zdnet.com,Male,3/17/2017,Services,80618,8
Winslow,Jakubovicz,,Polygender,1/18/2019,Research and Development,111870,
Kimmi,Borham,kborhamis@cdbaby.com,Female,4/3/2013,Human Resources,109537,
Mario,Castagnier,mcastagnierit@behance.net,Male,7/27/2015,Sales,116977,10
Cora,Fold,,Female,,Legal,97941,3
Logan,Kinneally,lkinneallyiv@virginia.edu,Male,10/16/2017,Services,126269,
Kirk,Starrs,kstarrsiw@redcross.org,Male,5/13/2019,Legal,143654,
Grenville,McManamen,gmcmanamenix@hexun.com,Male,,Research and Development,160960,3
Brendis,Bassingham,bbassinghamiy@wiley.com,Male,2/22/2019,Legal,170963,
Steward,Elleton,selletoniz@cocolog-nifty.com,Male,,Business Development,61446,10
Olwen,Ratnage,oratnagej0@phoca.cz,Female,,Training,156767,11
Amelita,De Giorgi,adegiorgij1@miibeian.gov.cn,Female,8/1/2014,Accounting,126520,
Sheela,Wethey,swetheyj2@sciencedaily.com,Non-binary,,Engineering,162324,1
Annecorinne,Gooderidge,,Female,1/19/2017,Sales,132252,13
Jocelyn,Jakoubec,jjakoubecj4@theglobeandmail.com,Female,7/29/2016,Marketing,109140,15
Nathan,Frudd,nfruddj5@soup.io,Male,,Product Management,88060,15
Leoline,Stump,lstumpj6@hc360.com,Female,7/29/2014,Business Development,126554,1
Skelly,Marner,,Male,,Legal,67044,13
Drusy,Roalfe,,Female,,Engineering,138067,
Wadsworth,Philcott,wphilcottj9@mail.ru,Bigender,,Business Development,117624,6
Francis,Camden,fcamdenja@ifeng.com,Male,,Research and Development,124872,6
Amandie,Hoggetts,ahoggettsjb@typepad.com,Non-binary,12/29/2016,Sales,171991,15
Claudio,Fillgate,cfillgatejc@domainmarket.com,Male,8/23/2013,Engineering,158854,5
Hadleigh,Dreghorn,,Male,9/29/2013,Engineering,129956,
Berk,Bottlestone,bbottlestoneje@arstechnica.com,Male,7/3/2018,Engineering,143722,11
Olva,Tootell,otootelljf@answers.com,Polygender,3/23/2015,Product Management,138283,12
Gery,Snowling,gsnowlingjg@sciencedirect.com,Male,5/12/2016,Product Management,179279,11
Derk,Stenet,dstenetjh@cloudflare.com,Male,12/28/2014,Support,65576,9
Berkeley,Mill,bmillji@cloudflare.com,Male,,Services,65239,5
Slade,Osmund,sosmundjj@dailymotion.com,Male,8/6/2015,Support,179567,
Delia,Osgardby,dosgardbyjk@weather.com,Female,11/15/2016,Support,135951,
Alaric,Kleinerman,akleinermanjl@google.pl,Male,7/1/2013,Accounting,135847,3
Dolf,Manby,,Male,8/22/2013,Business Development,124050,
Calhoun,Zoephel,czoepheljn@uiuc.edu,Male,8/4/2018,Research and Development,76280,1
Dru,Mugglestone,dmugglestonejo@amazon.co.uk,Female,2/24/2014,Training,133832,14
Hector,Craisford,hcraisfordjp@feedburner.com,Male,,Research and Development,125874,13
Judith,Baskwell,jbaskwelljq@indiatimes.com,Female,6/17/2014,Accounting,122776,
Lynnelle,Mabson,lmabsonjr@howstuffworks.com,Female,5/27/2014,Human Resources,125496,8
Birgit,Della Scala,bdellascalajs@ca.gov,Female,11/3/2016,Research and Development,81980,8
Ortensia,Ronchka,oronchkajt@twitpic.com,Female,9/29/2014,,,13
Shelley,Karpf,skarpfju@angelfire.com,Female,,Accounting,163958,
Dixie,Scupham,dscuphamjv@craigslist.org,Female,3/28/2013,Business Development,176909,3
Shaylyn,Philipeau,sphilipeaujw@google.cn,Female,5/23/2014,Legal,122717,4
Ardenia,Shimuk,ashimukjx@networkadvertising.org,Female,3/8/2018,Training,164377,3
Pegeen,Yakebowitch,pyakebowitchjy@webnode.com,Genderqueer,2/6/2015,Support,133412,11
Yvon,Meineken,ymeinekenjz@skyrock.com,Bigender,11/28/2017,Business Development,117269,5
Dulce,Cantillion,dcantillionk0@ovh.net,Female,6/18/2018,Marketing,168441,
Lodovico,Mil,lmilk1@ezinearticles.com,Male,,Research and Development,93671,
Maximilian,Tiplady,,Male,11/14/2016,Engineering,121159,11
Lydon,Moyer,lmoyerk3@prnewswire.com,Male,11/19/2014,Business Development,139003,
Claus,Waller,cwallerk4@ehow.com,Male,1/26/2018,Engineering,172291,7
Kip,Lafee,,Male,9/11/2014,Marketing,120943,
Edan,Thickett,ethickettk6@wunderground.com,Male,4/28/2013,Marketing,177025,
Marie-ann,Kassman,mkassmank7@noaa.gov,Female,,Support,169660,5
Lynn,Sotworth,lsotworthk8@weibo.com,Male,,Accounting,125756,7
Weidar,Fransinelli,wfransinellik9@cyberchimps.com,Male,9/19/2016,Sales,144376,
Leroy,Grouse,lgrouseka@google.ru,Male,8/24/2018,Business Development,119448,5
Jaimie,Stones,jstoneskb@ucsd.edu,Male,11/1/2013,Marketing,150216,13
Gran,Scheffel,,Male,4/12/2017,Human Resources,118987,13
Eugenius,Tillot,etillotkd@engadget.com,Male,5/16/2019,Human Resources,157982,14
Andie,Marritt,,Male,12/7/2018,Marketing,138215,3
Hort,Clendinning,hclendinningkf@jimdo.com,Male,,Accounting,171698,
Eduardo,Bruins,ebruinskg@friendfeed.com,Male,5/17/2015,Support,135084,
Barr,Geeraert,bgeeraertkh@whitehouse.gov,Male,11/30/2013,,,6
Catlee,Cattle,ccattleki@chron.com,Female,,Support,120693,5
Monah,Durtnall,mdurtnallkj@bloglovin.com,Female,3/2/2013,Engineering,117231,12
Judy,Logg,jloggkk@gov.uk,Female,7/15/2017,Human Resources,70786,5
Idalia,Reding,iredingkl@amazon.com,Female,,Sales,118204,
Sallyann,Janway,sjanwaykm@goo.ne.jp,Female,1/20/2014,Marketing,169716,4
Haily,Orange,horangekn@dyndns.org,Male,11/11/2012,Sales,157865,4
Gregor,Kensall,gkensallko@tinypic.com,Male,,Business Development,104727,
Robbie,Drinkwater,rdrinkwaterkp@bloomberg.com,Male,7/24/2017,Research and Development,126511,
Griffy,Hamby,ghambykq@jimdo.com,Male,12/2/2016,Business Development,157785,
Lyndsay,Lambe,llambekr@angelfire.com,Female,4/30/2019,Services,157312,
Guinevere,Hambidge,ghambidgeks@rakuten.co.jp,Female,11/12/2017,Legal,148044,
Maryanne,Timlett,,Female,3/12/2015,Services,103711,14
Mikkel,Sket,,Male,7/1/2017,Human Resources,84158,
Matty,Pickston,mpickstonkv@nps.gov,Male,,Legal,176038,8
Devan,Tirrey,dtirreykw@biblegateway.com,Female,3/23/2019,Services,117775,
Bondie,Maber,bmaberkx@comsenz.com,Male,,Research and Development,84379,
Melitta,Panas,,Female,8/30/2014,Training,114678,
Ruthie,Towl,rtowlkz@vkontakte.ru,Female,11/10/2015,,,
Al,Da Costa,adacostal0@imdb.com,Male,,Product Management,73386,13
Sal,Colten,,Male,7/12/2019,Research and Development,69387,7
Delmore,Moxley,dmoxleyl2@stanford.edu,Male,2/26/2018,Marketing,173175,
Brady,Redd,breddl3@edublogs.org,Male,12/9/2012,Business Development,66958,3
Eadie,Bowra,,Female,1/13/2013,Support,94432,13
Kassie,Izchaki,kizchakil5@hp.com,Female,4/10/2015,Services,149816,4
Urbanus,Muzzi,umuzzil6@goo.gl,Male,2/11/2013,Human Resources,82521,10
Hayden,Simunek,hsimunekl7@yelp.com,Male,8/27/2016,Accounting,175277,3
Genna,Barnet,gbarnetl8@parallels.com,Female,11/18/2013,Legal,120194,3
Nate,Blune,nblunel9@tripod.com,Male,8/27/2013,Business Development,61962,5
Wynny,Fencott,wfencottla@statcounter.com,Female,8/1/2013,Sales,74315,8
Mariejeanne,Shillom,mshillomlb@theglobeandmail.com,Female,2/2/2018,Accounting,71587,
Reider,Danell,rdanelllc@twitpic.com,Male,4/28/2018,Marketing,113311,
Sybila,Le Friec,slefriecld@ibm.com,Female,5/12/2019,Legal,78299,
Danny,Nodin,dnodinle@hibu.com,Female,12/31/2016,Sales,95795,2
Felix,Grouvel,fgrouvellf@ed.gov,Male,6/9/2013,Sales,161892,
Napoleon,Talby,ntalbylg@booking.com,Male,12/28/2012,Product Management,163403,
Doy,Iffland,difflandlh@topsy.com,Male,1/10/2019,Engineering,133059,10
Jonie,Opy,jopyli@moonfruit.com,Female,7/2/2016,Legal,151899,12
Buddy,Killick,bkillicklj@fda.gov,Bigender,8/1/2015,Business Development,178039,12
Kalindi,Dislee,kdisleelk@issuu.com,Female,10/20/2012,Marketing,172686,
Gilburt,Philipard,gphilipardll@state.gov,Non-binary,,Sales,162461,7
Augustine,McVane,,Male,,Human Resources,91936,13
Hilario,Deverick,hdeverickln@baidu.com,Male,8/24/2018,Support,93048,6
Janeen,Dabinett,jdabinettlo@newsvine.com,Female,8/25/2013,Legal,60348,9
Jemimah,Curneen,jcurneenlp@quantcast.com,Female,1/30/2014,Engineering,179163,
Babbette,Bearblock,bbearblocklq@nhs.uk,Female,6/10/2015,Engineering,157125,14
Courtney,Ricciardelli,cricciardellilr@upenn.edu,Male,10/8/2018,Services,140742,13
Maris,Mahomet,mmahometls@ameblo.jp,Female,3/8/2017,Business Development,158254,
Rad,MacMichael,rmacmichaellt@statcounter.com,Male,,Training,98467,
Nikolos,Magwood,nmagwoodlu@storify.com,Male,,,,13
Humfrid,Venner,hvennerlv@examiner.com,Genderqueer,7/5/2017,Sales,173969,4
Dixie,Lummus,dlummuslw@cloudflare.com,Female,5/20/2016,Research and Development,124423,
Monica,Handrahan,mhandrahanlx@discovery.com,Female,10/23/2012,Support,109170,10
Alick,Hoolaghan,ahoolaghanly@pagesperso-orange.fr,Male,6/17/2016,Research and Development,60302,
Evie,Tumilson,etumilsonlz@foxnews.com,Polygender,9/29/2018,,,
Tris,Cleave,,Male,10/27/2014,Research and Development,83309,
Tabbie,Fuzzey,tfuzzeym1@naver.com,Female,1/10/2013,Legal,116673,6
Tallulah,Haime,thaimem2@addtoany.com,Female,12/13/2016,Business Development,178738,7
Lizbeth,Wrack,lwrackm3@netvibes.com,Female,7/31/2018,,,9
Mahmoud,Firidolfi,,Male,11/12/2015,Product Management,84930,
Shanna,Berggren,sberggrenm5@yelp.com,Female,10/30/2012,Legal,163608,4
Lammond,Pendock,,Male,4/21/2017,Business Development,64892,13
Antin,Henstone,,Male,4/28/2017,Product Management,106999,
Ava,Marchenko,amarchenkom8@edublogs.org,Female,8/17/2018,Services,143580,
Betsey,Deguara,bdeguaram9@infoseek.co.jp,Female,,Human Resources,102340,
Fransisco,Brushfield,fbrushfieldma@omniture.com,Male,,Accounting,148764,
Nona,Bartholomaus,nbartholomausmb@auda.org.au,Female,9/4/2015,Support,175403,5
Micheal,Mabey,mmabeymc@lulu.com,Male,10/22/2017,Services,136776,9
Linus,Crebott,lcrebottmd@aol.com,Male,1/22/2017,Support,67468,9
Rosana,Welham,rwelhamme@pbs.org,Female,5/10/2014,Marketing,113746,14
Susanna,Golledge,sgolledgemf@drupal.org,Female,1/3/2018,Accounting,171149,11
Sallee,Yorston,syorstonmg@barnesandnoble.com,Polygender,5/31/2016,Training,136863,3
Elyse,Aseef,easeefmh@a8.net,Female,,,,10
Janaya,Kohrs,jkohrsmi@deviantart.com,Female,10/1/2017,Product Management,160693,10
Jsandye,Davidzon,jdavidzonmj@nydailynews.com,Female,10/27/2017,Engineering,165994,2
Earlie,Harkus,eharkusmk@typepad.com,Male,3/1/2013,Accounting,105188,14
Sindee,Babbe,sbabbeml@usnews.com,Female,11/9/2012,Product Management,111619,15
Terri-jo,Purdy,,Female,3/4/2013,Sales,161539,14
Katy,Borland,kborlandmn@amazonaws.com,Female,10/24/2012,Legal,178047,15
Jefferson,Humberstone,jhumberstonemo@loc.gov,Male,4/23/2013,Accounting,66148,3
Nada,Poetz,npoetzmp@gov.uk,Female,,Sales,174582,14
Bernardine,Tomlins,btomlinsmq@ox.ac.uk,Female,7/22/2015,Product Management,133776,4
Naomi,Fairebrother,nfairebrothermr@mit.edu,Female,4/13/2016,,,3
Bonny,Seignior,bseigniorms@1und1.de,Female,7/3/2014,Engineering,93094,12
Lily,Yoodall,lyoodallmt@umn.edu,Female,11/19/2016,Sales,105034,8
Tanny,Corro,tcorromu@soup.io,Male,10/1/2012,Services,137198,
Gerardo,Scarman,gscarmanmv@washington.edu,Male,7/22/2013,Training,143291,11
Jenn,Lannen,jlannenmw@blog.com,Female,3/5/2014,Human Resources,177435,15
Christiana,Humphries,chumphriesmx@reverbnation.com,Female,11/3/2012,Accounting,178648,2
Arnie,McCart,amccartmy@uiuc.edu,Male,1/6/2014,Accounting,129567,9
Egor,Richly,erichlymz@utexas.edu,Agender,9/30/2013,Training,86390,10
Arie,Smedmoor,asmedmoorn0@sourceforge.net,Male,,Accounting,155648,
Aksel,Stepto,astepton1@google.ca,Male,1/4/2015,Accounting,63898,1
Kaylyn,Iorio,kiorion2@printfriendly.com,Female,7/6/2013,,,
Chandra,Derrington,,Female,11/13/2014,Sales,147398,
Sky,Staig,sstaign4@purevolume.com,Male,5/16/2018,Services,102550,7
Nappie,Conn,nconnn5@elpais.com,Male,,Research and Development,107257,
Ozzie,Castillou,ocastilloun6@liveinternet.ru,Male,,Product Management,96841,
Paquito,Peiro,ppeiron7@ucla.edu,Male,3/17/2014,,,13
Efren,Trippack,etrippackn8@gravatar.com,Male,10/2/2017,Support,67676,
Latrina,Andersson,landerssonn9@ucla.edu,Female,4/18/2014,Product Management,123575,14
Evin,Bladon,ebladonna@pbs.org,Male,1/4/2014,Engineering,167691,7
Bamby,Cleatherow,bcleatherownb@tripadvisor.com,Female,4/29/2017,Research and Development,91135,
Shelbi,Wharfe,swharfenc@techcrunch.com,Female,,Legal,123552,
Tully,Shoulders,tshouldersnd@businessinsider.com,Male,7/8/2019,Legal,158224,8
Timothee,Laimable,tlaimablene@accuweather.com,Male,8/26/2016,Research and Development,166564,10
Luelle,Piser,lpisernf@youtube.com,Female,5/25/2015,Support,171572,3
Maryrose,Birbeck,,Female,3/5/2019,Sales,60808,
Vina,Wethers,vwethersnh@bloglovin.com,Female,4/17/2017,Accounting,169085,11
Ansell,Schruur,aschruurni@bandcamp.com,Male,1/18/2017,Sales,116812,6
Florence,Sawers,fsawersnj@ihg.com,Female,11/12/2014,Product Management,121149,2
Abbi,Dounbare,adounbarenk@businesswire.com,Female,7/26/2014,,,9
Yoko,Zealy,yzealynl@techcrunch.com,Female,11/27/2012,Legal,108575,4
Freida,Martonfi,fmartonfinm@dell.com,Female,,Training,145067,9
Andromache,Bodle,,Female,12/1/2018,Sales,86952,2
Cissiee,Harvard,charvardno@lulu.com,Female,7/24/2018,Product Management,169069,6
Matias,Doogan,,Male,1/8/2018,Training,86424,9
Howard,Talby,htalbynq@cbsnews.com,Male,11/17/2012,Accounting,155475,
Rem,Spileman,rspilemannr@amazon.com,Male,,Legal,170774,12
Dale,Eland,delandns@wufoo.com,Male,8/11/2019,Training,90735,1
Ana,Gutteridge,agutteridgent@auda.org.au,Female,11/17/2013,Research and Development,166835,6
Lesli,Tolcharde,ltolchardenu@histats.com,Female,4/8/2018,Human Resources,141008,
Katalin,Ridpath,kridpathnv@boston.com,Female,11/6/2018,Support,91331,10
Gerri,Delyth,,Male,,Marketing,66139,2
Kermit,Scargle,kscarglenx@newsvine.com,Male,9/15/2017,,,12
Lannie,Kleinmann,lkleinmannny@pen.io,Male,6/21/2019,Human Resources,71663,11
Mohammed,Reder,mredernz@behance.net,Male,2/13/2014,Sales,102037,13
Herbie,Ecclestone,hecclestoneo0@cbsnews.com,Male,7/4/2019,Services,114755,
Isacco,Coles,icoleso1@google.de,Male,6/1/2013,Engineering,176461,15
Sandi,Thumnel,sthumnelo2@wiley.com,Female,6/7/2017,Training,129060,
Brina,Spurge,bspurgeo3@hp.com,Female,3/4/2017,Engineering,179194,
Hugh,Kirstein,hkirsteino4@irs.gov,Male,8/20/2019,Services,168962,
Reece,Klulicek,rkluliceko5@google.nl,Male,,Marketing,129830,
Luciano,Agdahl,lagdahlo6@wired.com,Genderfluid,8/23/2014,Legal,134594,
Verna,Easton,veastono7@mediafire.com,Bigender,2/19/2019,Support,172200,6
Dorothea,Grason,,Female,12/16/2013,Accounting,119525,4
Mercy,Riply,mriplyo9@ifeng.com,Female,5/9/2018,Marketing,165632,
Foster,Armell,,Male,2/5/2017,Training,178058,
Faina,Muddle,fmuddleob@cnet.com,Female,7/16/2019,Services,92211,12
Catrina,Denziloe,cdenziloeoc@shop-pro.jp,Female,4/16/2014,Product Management,163015,11
Del,Gunthorp,dgunthorpod@skyrock.com,Male,5/9/2018,Engineering,132474,
Roley,Hudleston,rhudlestonoe@auda.org.au,Male,7/20/2017,Support,108293,
Allyn,Baccas,,Male,,,,14
Cindie,Backson,,Female,8/15/2013,Support,99518,3
Scotti,Ellery,selleryoh@usa.gov,Polygender,9/9/2015,Product Management,159542,
Carling,Tanswill,ctanswilloi@samsung.com,Male,10/14/2015,Legal,66211,13
Breanne,Ankers,bankersoj@goo.ne.jp,Female,,Human Resources,83142,10
Willi,Windridge,wwindridgeok@furl.net,Male,,Legal,129236,
Erskine,Aartsen,eaartsenol@hibu.com,Genderfluid,,Legal,135567,12
Deva,Roistone,droistoneom@telegraph.co.uk,Female,9/15/2018,Human Resources,78154,13
Evvie,Mackie,emackieon@geocities.jp,Genderfluid,7/26/2014,Support,154396,
Byram,Seiter,bseiteroo@mit.edu,Male,,Services,72828,12
Rose,Try,rtryop@parallels.com,Female,5/2/2017,Sales,115567,1
Donia,Hillitt,,Female,5/23/2016,Legal,110117,9
Jolynn,Wroth,jwrothor@ihg.com,Female,3/20/2015,Sales,110230,14
Kerwinn,Childrens,,Male,3/23/2018,,,7
Daven,Meadley,dmeadleyot@mapquest.com,Male,6/1/2015,Product Management,87277,11
Delinda,Semble,,Female,11/23/2018,Legal,65856,7
Arne,La Wille,alawilleov@usa.gov,Male,2/26/2018,Accounting,83966,
Bertrando,Beck,bbeckow@github.com,Male,,Marketing,104439,7
Alfy,Albers,aalbersox@yelp.com,Female,7/6/2019,Support,64016,1
Rochette,Burnand,rburnandoy@ca.gov,Female,8/16/2014,Training,106653,
Alberta,Burkett,aburkettoz@symantec.com,Female,12/6/2013,Legal,133851,7
Noelyn,Gullick,ngullickp0@vinaora.com,Female,11/13/2012,Training,163454,15
Jacenta,D'Onisi,jdonisip1@washington.edu,Female,5/27/2019,Marketing,169761,5
Jonis,Corps,jcorpsp2@umn.edu,Female,8/18/2018,Sales,177961,
Brendin,Liepins,bliepinsp3@upenn.edu,Genderfluid,1/20/2015,Training,66163,15
Hillier,Dolton,hdoltonp4@omniture.com,Male,12/18/2013,Engineering,130017,1
Terri,Dikels,tdikelsp5@google.ru,Bigender,,Human Resources,138733,3
Audrey,Barbey,abarbeyp6@blogtalkradio.com,Female,8/30/2017,Training,118074,
Neil,Skellern,nskellernp7@hibu.com,Male,11/4/2017,Accounting,84302,10
Devland,Hursthouse,dhursthousep8@wsj.com,Male,9/29/2015,Engineering,61172,13
Pippo,Ribou,priboup9@ihg.com,Male,12/10/2017,Support,88891,
Nikolaos,Roblett,nroblettpa@forbes.com,Male,5/3/2017,Legal,78991,4
Rick,O'Kinneally,rokinneallypb@latimes.com,Male,3/20/2018,Marketing,168860,15
Zea,Caroll,,Female,11/9/2012,Accounting,102171,10
Camila,Hardes,chardespd@flavors.me,Female,5/31/2016,Support,103627,4
Dreddy,Attarge,dattargepe@soundcloud.com,Female,,Accounting,123842,6
Ana,Westcot,awestcotpf@nhs.uk,Female,6/26/2019,Research and Development,82117,8
Dru,McPhelimey,dmcphelimeypg@google.co.uk,Male,9/22/2016,Product Management,141649,5
Trumaine,Roseman,trosemanph@army.mil,Male,4/17/2017,Human Resources,126176,10
Rebbecca,Bellew,rbellewpi@dailymail.co.uk,Female,12/26/2015,Sales,157663,7
Franni,McKevin,fmckevinpj@dell.com,Female,6/2/2015,Engineering,113439,
Sergei,Gelderd,sgelderdpk@accuweather.com,Male,9/13/2016,Product Management,68023,15
Rosemary,Coots,,Female,,Training,88587,3
Judah,Gomez,jgomezpm@mail.ru,Male,2/16/2014,Product Management,137675,3
Ivory,Dever,ideverpn@prnewswire.com,Female,9/13/2019,Human Resources,127134,5
Bunnie,Fishbourn,bfishbournpo@netvibes.com,Female,8/3/2015,Research and Development,166259,9
Lorita,Cancutt,lcancuttpp@nymag.com,Female,1/10/2016,Research and Development,163569,3
Joni,Forestel,jforestelpq@etsy.com,Female,1/14/2019,Human Resources,68666,2
Felicity,Goldsmith,,Female,8/23/2018,Legal,163447,5
Josi,Bonney,jbonneyps@virginia.edu,Female,11/21/2018,,,3
Keeley,Dowda,kdowdapt@over-blog.com,Female,,Support,118885,5
Corrine,Insko,cinskopu@addthis.com,Female,5/15/2013,Engineering,126262,1
Holli,Denholm,hdenholmpv@aboutads.info,Female,,Accounting,119094,9
Vassily,Shakeshaft,vshakeshaftpw@addthis.com,Male,7/31/2017,Research and Development,147410,
Misha,Jeannet,mjeannetpx@free.fr,Female,8/31/2014,Business Development,79592,1
Zia,Mulloch,zmullochpy@umich.edu,Female,6/12/2016,Training,177609,8
Paten,Soonhouse,psoonhousepz@lulu.com,Male,6/16/2014,Marketing,81276,1
Jeannette,Carff,,Female,,Engineering,103720,
Lizzie,Comfort,lcomfortq1@altervista.org,Female,6/26/2014,Research and Development,167461,7
Devlin,Seago,dseagoq2@com.com,Male,5/11/2017,Human Resources,144513,5
Anestassia,Giaomozzo,agiaomozzoq3@baidu.com,Polygender,,,,4
Prudy,Waugh,pwaughq4@apple.com,Female,10/17/2016,Accounting,116315,1
Annis,Spoole,aspooleq5@ocn.ne.jp,Female,4/17/2019,Support,135489,11
Brooke,Tash,btashq6@economist.com,Female,12/28/2014,Services,62654,
Antonetta,Hillyatt,ahillyattq7@reuters.com,Female,6/14/2016,Services,134253,2
Jason,Ellacombe,jellacombeq8@usa.gov,Male,10/29/2017,,,10
Kain,Capp,kcappq9@redcross.org,Male,10/1/2012,Accounting,120107,12
Tonie,Oakshott,toakshottqa@theguardian.com,Female,9/4/2014,Research and Development,94296,2
Willa,Petrakov,wpetrakovqb@drupal.org,Female,6/13/2013,Product Management,138584,
Denice,Chadderton,dchaddertonqc@yahoo.com,Female,9/11/2019,Legal,131904,8
Guglielma,Loftus,gloftusqd@soup.io,Female,,Legal,121281,
Giffard,Sworder,gsworderqe@imgur.com,Male,1/9/2016,,,
Maire,Wolfit,mwolfitqf@slate.com,Female,,Accounting,94440,9
Caty,Slipper,cslipperqg@un.org,Female,12/29/2017,Engineering,79295,1
Cassie,Olyfat,colyfatqh@walmart.com,Agender,,Services,75039,
Gilles,Giacoppo,,Male,4/24/2014,Support,80287,6
Wallis,Kinchin,wkinchinqj@ifeng.com,Male,7/31/2013,Support,103501,14
Darda,Balsom,dbalsomqk@xinhuanet.com,Female,6/24/2014,Product Management,150113,7
Job,Scamal,jscamalql@ning.com,Male,,Product Management,144054,13
Mahalia,Frammingham,mframminghamqm@mapquest.com,Female,4/30/2015,,,5
Michale,Andryunin,mandryuninqn@digg.com,Genderqueer,5/6/2015,Marketing,62372,
Erastus,Limpricht,,Male,,Human Resources,165388,15
Reggy,Avramovich,,Male,11/13/2014,Services,109193,3
Tonya,Wadley,twadleyqq@hostgator.com,Female,11/2/2012,Accounting,99656,8
Harman,Chazelle,,Male,6/16/2014,Human Resources,84119,
Morna,Robardet,mrobardetqs@umich.edu,Female,12/24/2018,Engineering,168945,
Brigg,Asplin,basplinqt@answers.com,Male,7/12/2016,Research and Development,84173,9
Lannie,Carlsen,lcarlsenqu@gmpg.org,Male,3/2/2013,Product Management,147838,
Cedric,Trineman,,Male,1/16/2013,,,
Erena,Lambell,elambellqw@yellowbook.com,Female,7/28/2017,Product Management,92905,7
Nicolas,Hurkett,nhurkettqx@intel.com,Male,7/8/2014,Services,162752,8
Michelle,Dassindale,mdassindaleqy@barnesandnoble.com,Female,4/5/2019,Business Development,99692,
Nanci,Henriet,nhenrietqz@reference.com,Female,,Research and Development,169985,15
Pauletta,Strickett,pstrickettr0@whitehouse.gov,Female,7/29/2018,Human Resources,175286,
Katti,McNerlin,kmcnerlinr1@samsung.com,Female,6/28/2013,Marketing,80123,8
Marsh,Brundrett,mbrundrettr2@yahoo.co.jp,Non-binary,8/31/2017,Marketing,145954,3
Alta,Barnfield,abarnfieldr3@hubpages.com,Female,10/20/2014,Marketing,93409,1
Cristie,Belamy,cbelamyr4@paginegialle.it,Female,,Engineering,77704,
Hal,Grief,hgriefr5@alibaba.com,Male,11/2/2018,,,
Brinna,Blackboro,bblackboror6@weebly.com,Female,1/10/2015,Support,65610,13
Rowen,McIlvoray,rmcilvorayr7@t-online.de,Male,5/6/2015,Support,106299,6
Krista,Jelkes,kjelkesr8@latimes.com,Female,6/25/2017,Sales,76034,13
Horace,Knocker,hknockerr9@dion.ne.jp,Male,4/14/2015,Training,176626,10
Hale,Brunskill,,Male,,Sales,90885,2
Giacomo,Whitworth,gwhitworthrb@oaic.gov.au,Genderqueer,10/4/2015,Business Development,80352,5
Ruthi,Damsell,rdamsellrc@samsung.com,Female,11/23/2017,Research and Development,102686,4
Gaven,Westnedge,,Male,5/28/2015,Human Resources,94338,
Udell,Nother,unotherre@sbwire.com,Polygender,11/22/2016,Human Resources,156332,
Shayne,Robet,srobetrf@epa.gov,Male,5/28/2017,Accounting,103406,4
Domenic,Supple,dsupplerg@yahoo.co.jp,Male,5/28/2019,Human Resources,173106,13
Randolf,Gandrich,rgandrichrh@alexa.com,Genderqueer,5/3/2014,Product Management,90083,
Theobald,Hatley,thatleyri@state.tx.us,Male,5/9/2016,Human Resources,175423,12
Braden,Charlet,bcharletrj@opera.com,Male,5/11/2016,Legal,170784,
Franky,McDell,fmcdellrk@pinterest.com,Female,4/24/2017,Business Development,85666,12
Maurine,Greeson,mgreesonrl@census.gov,Female,8/15/2018,Research and Development,95521,7
Sile,Frarey,sfrareyrm@sitemeter.com,Agender,4/2/2016,Research and Development,136130,
Cele,Drennan,cdrennanrn@google.co.uk,Female,,Product Management,144649,
Cristy,Nortunen,cnortunenro@freewebs.com,Female,1/28/2016,Engineering,120389,2
Grete,Elcoate,gelcoaterp@merriam-webster.com,Female,5/25/2017,Support,86544,
Wilfrid,Canadas,,Male,12/19/2018,Marketing,92586,
Catriona,Rapps,crappsrr@nhs.uk,Female,3/27/2013,Marketing,93899,3
